stimulus,noncon,trials.thisRepN,trials.thisTrialN,trials.thisN,trials.thisIndex,instrKey.keys,instrKey.rt,date,frameRate,expName,session,participant,
,,,,,,space,3.64487504959,2018_Jan_16_1203,60.0376747036,NonCon,001,i,
"images/Neutral/2,1.png","images/Emotion/1,4.png",0,0,0,0,,,2018_Jan_16_1203,60.0376747036,NonCon,001,i,
"images/Neutral/6,1.png","images/Emotion/5,4.png",0,1,1,1,,,2018_Jan_16_1203,60.0376747036,NonCon,001,i,
"images/Neutral/4,1.png","images/Emotion/3,4.png",0,2,2,2,,,2018_Jan_16_1203,60.0376747036,NonCon,001,i,
"images/Neutral/7,1.png","images/Emotion/6,4.png",0,3,3,3,,,2018_Jan_16_1203,60.0376747036,NonCon,001,i,
"images/Neutral/5,1.png","images/Emotion/8,4.png",0,4,4,4,,,2018_Jan_16_1203,60.0376747036,NonCon,001,i,
"images/Neutral/8,1.png","images/Emotion/7,4.png",0,5,5,5,,,2018_Jan_16_1203,60.0376747036,NonCon,001,i,
"images/Neutral/3,1.png","images/Emotion/2,4.png",0,6,6,6,,,2018_Jan_16_1203,60.0376747036,NonCon,001,i,
"images/Neutral/1,1.png","images/Emotion/4,4.png",0,7,7,7,,,2018_Jan_16_1203,60.0376747036,NonCon,001,i,
"images/Neutral/3,1.png","images/Emotion/2,2.png",0,8,8,8,,,2018_Jan_16_1203,60.0376747036,NonCon,001,i,
"images/Neutral/5,1.png","images/Emotion/8,2.png",0,9,9,9,,,2018_Jan_16_1203,60.0376747036,NonCon,001,i,
"images/Neutral/8,1.png","images/Emotion/7,2.png",0,10,10,10,,,2018_Jan_16_1203,60.0376747036,NonCon,001,i,
"images/Neutral/4,1.png","images/Emotion/3,2.png",0,11,11,11,,,2018_Jan_16_1203,60.0376747036,NonCon,001,i,
"images/Neutral/1,1.png","images/Emotion/4,2.png",0,12,12,12,,,2018_Jan_16_1203,60.0376747036,NonCon,001,i,
"images/Neutral/2,1.png","images/Emotion/1,2.png",0,13,13,13,,,2018_Jan_16_1203,60.0376747036,NonCon,001,i,
"images/Neutral/7,1.png","images/Emotion/6,2.png",0,14,14,14,,,2018_Jan_16_1203,60.0376747036,NonCon,001,i,
"images/Neutral/6,1.png","images/Emotion/5,2.png",0,15,15,15,,,2018_Jan_16_1203,60.0376747036,NonCon,001,i,
"images/Neutral/2,1.png","images/Emotion/1,1.png",0,16,16,16,,,2018_Jan_16_1203,60.0376747036,NonCon,001,i,
"images/Neutral/8,1.png","images/Emotion/7,1.png",0,17,17,17,,,2018_Jan_16_1203,60.0376747036,NonCon,001,i,
"images/Neutral/7,1.png","images/Emotion/6,1.png",0,18,18,18,,,2018_Jan_16_1203,60.0376747036,NonCon,001,i,
"images/Neutral/3,1.png","images/Emotion/2,1.png",0,19,19,19,,,2018_Jan_16_1203,60.0376747036,NonCon,001,i,
"images/Neutral/1,1.png","images/Emotion/4,1.png",0,20,20,20,,,2018_Jan_16_1203,60.0376747036,NonCon,001,i,
"images/Neutral/6,1.png","images/Emotion/5,1.png",0,21,21,21,,,2018_Jan_16_1203,60.0376747036,NonCon,001,i,
"images/Neutral/5,1.png","images/Emotion/8,1.png",0,22,22,22,,,2018_Jan_16_1203,60.0376747036,NonCon,001,i,
"images/Neutral/4,1.png","images/Emotion/3,1.png",0,23,23,23,,,2018_Jan_16_1203,60.0376747036,NonCon,001,i,
"images/Neutral/7,1.png","images/Emotion/6,3.png",0,24,24,24,,,2018_Jan_16_1203,60.0376747036,NonCon,001,i,
"images/Neutral/5,1.png","images/Emotion/8,3.png",0,25,25,25,,,2018_Jan_16_1203,60.0376747036,NonCon,001,i,
"images/Neutral/8,1.png","images/Emotion/7,3.png",0,26,26,26,,,2018_Jan_16_1203,60.0376747036,NonCon,001,i,
"images/Neutral/6,1.png","images/Emotion/5,3.png",0,27,27,27,,,2018_Jan_16_1203,60.0376747036,NonCon,001,i,
"images/Neutral/2,1.png","images/Emotion/1,3.png",0,28,28,28,,,2018_Jan_16_1203,60.0376747036,NonCon,001,i,
"images/Neutral/1,1.png","images/Emotion/4,3.png",0,29,29,29,,,2018_Jan_16_1203,60.0376747036,NonCon,001,i,
"images/Neutral/4,1.png","images/Emotion/3,3.png",0,30,30,30,,,2018_Jan_16_1203,60.0376747036,NonCon,001,i,
"images/Neutral/3,1.png","images/Emotion/2,3.png",0,31,31,31,,,2018_Jan_16_1203,60.0376747036,NonCon,001,i,
"images/Neutral/2,1.png","images/Emotion/1,4.png",0,32,32,32,,,2018_Jan_16_1203,60.0376747036,NonCon,001,i,
"images/Neutral/6,1.png","images/Emotion/5,4.png",0,33,33,33,,,2018_Jan_16_1203,60.0376747036,NonCon,001,i,
"images/Neutral/4,1.png","images/Emotion/3,4.png",0,34,34,34,,,2018_Jan_16_1203,60.0376747036,NonCon,001,i,
"images/Neutral/7,1.png","images/Emotion/6,4.png",0,35,35,35,,,2018_Jan_16_1203,60.0376747036,NonCon,001,i,
"images/Neutral/5,1.png","images/Emotion/8,4.png",0,36,36,36,,,2018_Jan_16_1203,60.0376747036,NonCon,001,i,
"images/Neutral/8,1.png","images/Emotion/7,4.png",0,37,37,37,,,2018_Jan_16_1203,60.0376747036,NonCon,001,i,
"images/Neutral/3,1.png","images/Emotion/2,4.png",0,38,38,38,,,2018_Jan_16_1203,60.0376747036,NonCon,001,i,
"images/Neutral/1,1.png","images/Emotion/4,4.png",0,39,39,39,,,2018_Jan_16_1203,60.0376747036,NonCon,001,i,
"images/Neutral/7,1.png","images/Emotion/6,6.png",0,40,40,40,,,2018_Jan_16_1203,60.0376747036,NonCon,001,i,
"images/Neutral/1,1.png","images/Emotion/4,6.png",0,41,41,41,,,2018_Jan_16_1203,60.0376747036,NonCon,001,i,
"images/Neutral/8,1.png","images/Emotion/7,6.png",0,42,42,42,,,2018_Jan_16_1203,60.0376747036,NonCon,001,i,
"images/Neutral/4,1.png","images/Emotion/3,6.png",0,43,43,43,,,2018_Jan_16_1203,60.0376747036,NonCon,001,i,
"images/Neutral/5,1.png","images/Emotion/8,6.png",0,44,44,44,,,2018_Jan_16_1203,60.0376747036,NonCon,001,i,
"images/Neutral/3,1.png","images/Emotion/2,6.png",0,45,45,45,,,2018_Jan_16_1203,60.0376747036,NonCon,001,i,
"images/Neutral/2,1.png","images/Emotion/1,6.png",0,46,46,46,,,2018_Jan_16_1203,60.0376747036,NonCon,001,i,
"images/Neutral/6,1.png","images/Emotion/5,6.png",0,47,47,47,,,2018_Jan_16_1203,60.0376747036,NonCon,001,i,
"images/Neutral/2,1.png","images/Emotion/1,1.png",0,48,48,48,,,2018_Jan_16_1203,60.0376747036,NonCon,001,i,
"images/Neutral/8,1.png","images/Emotion/7,1.png",0,49,49,49,,,2018_Jan_16_1203,60.0376747036,NonCon,001,i,
"images/Neutral/7,1.png","images/Emotion/6,1.png",0,50,50,50,,,2018_Jan_16_1203,60.0376747036,NonCon,001,i,
"images/Neutral/3,1.png","images/Emotion/2,1.png",0,51,51,51,,,2018_Jan_16_1203,60.0376747036,NonCon,001,i,
"images/Neutral/1,1.png","images/Emotion/4,1.png",0,52,52,52,,,2018_Jan_16_1203,60.0376747036,NonCon,001,i,
"images/Neutral/6,1.png","images/Emotion/5,1.png",0,53,53,53,,,2018_Jan_16_1203,60.0376747036,NonCon,001,i,
"images/Neutral/5,1.png","images/Emotion/8,1.png",0,54,54,54,,,2018_Jan_16_1203,60.0376747036,NonCon,001,i,
"images/Neutral/4,1.png","images/Emotion/3,1.png",0,55,55,55,,,2018_Jan_16_1203,60.0376747036,NonCon,001,i,
"images/Neutral/7,1.png","images/Emotion/6,6.png",0,56,56,56,,,2018_Jan_16_1203,60.0376747036,NonCon,001,i,
"images/Neutral/1,1.png","images/Emotion/4,6.png",0,57,57,57,,,2018_Jan_16_1203,60.0376747036,NonCon,001,i,
"images/Neutral/8,1.png","images/Emotion/7,6.png",0,58,58,58,,,2018_Jan_16_1203,60.0376747036,NonCon,001,i,
"images/Neutral/4,1.png","images/Emotion/3,6.png",0,59,59,59,,,2018_Jan_16_1203,60.0376747036,NonCon,001,i,
"images/Neutral/5,1.png","images/Emotion/8,6.png",0,60,60,60,,,2018_Jan_16_1203,60.0376747036,NonCon,001,i,
"images/Neutral/3,1.png","images/Emotion/2,6.png",0,61,61,61,,,2018_Jan_16_1203,60.0376747036,NonCon,001,i,
"images/Neutral/2,1.png","images/Emotion/1,6.png",0,62,62,62,,,2018_Jan_16_1203,60.0376747036,NonCon,001,i,
"images/Neutral/6,1.png","images/Emotion/5,6.png",0,63,63,63,,,2018_Jan_16_1203,60.0376747036,NonCon,001,i,
"images/Neutral/3,1.png","images/Emotion/2,2.png",0,64,64,64,,,2018_Jan_16_1203,60.0376747036,NonCon,001,i,
"images/Neutral/5,1.png","images/Emotion/8,2.png",0,65,65,65,,,2018_Jan_16_1203,60.0376747036,NonCon,001,i,
"images/Neutral/8,1.png","images/Emotion/7,2.png",0,66,66,66,,,2018_Jan_16_1203,60.0376747036,NonCon,001,i,
"images/Neutral/4,1.png","images/Emotion/3,2.png",0,67,67,67,,,2018_Jan_16_1203,60.0376747036,NonCon,001,i,
"images/Neutral/1,1.png","images/Emotion/4,2.png",0,68,68,68,,,2018_Jan_16_1203,60.0376747036,NonCon,001,i,
"images/Neutral/2,1.png","images/Emotion/1,2.png",0,69,69,69,,,2018_Jan_16_1203,60.0376747036,NonCon,001,i,
"images/Neutral/7,1.png","images/Emotion/6,2.png",0,70,70,70,,,2018_Jan_16_1203,60.0376747036,NonCon,001,i,
"images/Neutral/6,1.png","images/Emotion/5,2.png",0,71,71,71,,,2018_Jan_16_1203,60.0376747036,NonCon,001,i,
"images/Neutral/2,1.png","images/Emotion/1,4.png",0,72,72,72,,,2018_Jan_16_1203,60.0376747036,NonCon,001,i,
"images/Neutral/6,1.png","images/Emotion/5,4.png",0,73,73,73,,,2018_Jan_16_1203,60.0376747036,NonCon,001,i,
"images/Neutral/4,1.png","images/Emotion/3,4.png",0,74,74,74,,,2018_Jan_16_1203,60.0376747036,NonCon,001,i,
"images/Neutral/7,1.png","images/Emotion/6,4.png",0,75,75,75,,,2018_Jan_16_1203,60.0376747036,NonCon,001,i,
"images/Neutral/5,1.png","images/Emotion/8,4.png",0,76,76,76,,,2018_Jan_16_1203,60.0376747036,NonCon,001,i,
"images/Neutral/8,1.png","images/Emotion/7,4.png",0,77,77,77,,,2018_Jan_16_1203,60.0376747036,NonCon,001,i,
"images/Neutral/3,1.png","images/Emotion/2,4.png",0,78,78,78,,,2018_Jan_16_1203,60.0376747036,NonCon,001,i,
"images/Neutral/1,1.png","images/Emotion/4,4.png",0,79,79,79,,,2018_Jan_16_1203,60.0376747036,NonCon,001,i,
"images/Neutral/3,1.png","images/Emotion/2,2.png",0,80,80,80,,,2018_Jan_16_1203,60.0376747036,NonCon,001,i,
"images/Neutral/5,1.png","images/Emotion/8,2.png",0,81,81,81,,,2018_Jan_16_1203,60.0376747036,NonCon,001,i,
"images/Neutral/8,1.png","images/Emotion/7,2.png",0,82,82,82,,,2018_Jan_16_1203,60.0376747036,NonCon,001,i,
"images/Neutral/4,1.png","images/Emotion/3,2.png",0,83,83,83,,,2018_Jan_16_1203,60.0376747036,NonCon,001,i,
"images/Neutral/1,1.png","images/Emotion/4,2.png",0,84,84,84,,,2018_Jan_16_1203,60.0376747036,NonCon,001,i,
"images/Neutral/2,1.png","images/Emotion/1,2.png",0,85,85,85,,,2018_Jan_16_1203,60.0376747036,NonCon,001,i,
"images/Neutral/7,1.png","images/Emotion/6,2.png",0,86,86,86,,,2018_Jan_16_1203,60.0376747036,NonCon,001,i,
"images/Neutral/6,1.png","images/Emotion/5,2.png",0,87,87,87,,,2018_Jan_16_1203,60.0376747036,NonCon,001,i,
"images/Neutral/5,1.png","images/Emotion/8,5.png",0,88,88,88,,,2018_Jan_16_1203,60.0376747036,NonCon,001,i,
"images/Neutral/8,1.png","images/Emotion/7,5.png",0,89,89,89,,,2018_Jan_16_1203,60.0376747036,NonCon,001,i,
"images/Neutral/4,1.png","images/Emotion/3,5.png",0,90,90,90,,,2018_Jan_16_1203,60.0376747036,NonCon,001,i,
"images/Neutral/2,1.png","images/Emotion/1,5.png",0,91,91,91,,,2018_Jan_16_1203,60.0376747036,NonCon,001,i,
"images/Neutral/6,1.png","images/Emotion/5,5.png",0,92,92,92,,,2018_Jan_16_1203,60.0376747036,NonCon,001,i,
"images/Neutral/7,1.png","images/Emotion/6,5.png",0,93,93,93,,,2018_Jan_16_1203,60.0376747036,NonCon,001,i,
"images/Neutral/3,1.png","images/Emotion/2,5.png",0,94,94,94,,,2018_Jan_16_1203,60.0376747036,NonCon,001,i,
"images/Neutral/1,1.png","images/Emotion/4,5.png",0,95,95,95,,,2018_Jan_16_1203,60.0376747036,NonCon,001,i,
"images/Neutral/7,1.png","images/Emotion/6,3.png",0,96,96,96,,,2018_Jan_16_1203,60.0376747036,NonCon,001,i,
"images/Neutral/5,1.png","images/Emotion/8,3.png",0,97,97,97,,,2018_Jan_16_1203,60.0376747036,NonCon,001,i,
"images/Neutral/8,1.png","images/Emotion/7,3.png",0,98,98,98,,,2018_Jan_16_1203,60.0376747036,NonCon,001,i,
"images/Neutral/6,1.png","images/Emotion/5,3.png",0,99,99,99,,,2018_Jan_16_1203,60.0376747036,NonCon,001,i,
"images/Neutral/2,1.png","images/Emotion/1,3.png",0,100,100,100,,,2018_Jan_16_1203,60.0376747036,NonCon,001,i,
"images/Neutral/1,1.png","images/Emotion/4,3.png",0,101,101,101,,,2018_Jan_16_1203,60.0376747036,NonCon,001,i,
"images/Neutral/4,1.png","images/Emotion/3,3.png",0,102,102,102,,,2018_Jan_16_1203,60.0376747036,NonCon,001,i,
"images/Neutral/3,1.png","images/Emotion/2,3.png",0,103,103,103,,,2018_Jan_16_1203,60.0376747036,NonCon,001,i,
"images/Neutral/7,1.png","images/Emotion/6,6.png",0,104,104,104,,,2018_Jan_16_1203,60.0376747036,NonCon,001,i,
"images/Neutral/1,1.png","images/Emotion/4,6.png",0,105,105,105,,,2018_Jan_16_1203,60.0376747036,NonCon,001,i,
"images/Neutral/8,1.png","images/Emotion/7,6.png",0,106,106,106,,,2018_Jan_16_1203,60.0376747036,NonCon,001,i,
"images/Neutral/4,1.png","images/Emotion/3,6.png",0,107,107,107,,,2018_Jan_16_1203,60.0376747036,NonCon,001,i,
"images/Neutral/5,1.png","images/Emotion/8,6.png",0,108,108,108,,,2018_Jan_16_1203,60.0376747036,NonCon,001,i,
"images/Neutral/3,1.png","images/Emotion/2,6.png",0,109,109,109,,,2018_Jan_16_1203,60.0376747036,NonCon,001,i,
"images/Neutral/2,1.png","images/Emotion/1,6.png",0,110,110,110,,,2018_Jan_16_1203,60.0376747036,NonCon,001,i,
"images/Neutral/6,1.png","images/Emotion/5,6.png",0,111,111,111,,,2018_Jan_16_1203,60.0376747036,NonCon,001,i,
"images/Neutral/7,1.png","images/Emotion/6,3.png",0,112,112,112,,,2018_Jan_16_1203,60.0376747036,NonCon,001,i,
"images/Neutral/5,1.png","images/Emotion/8,3.png",0,113,113,113,,,2018_Jan_16_1203,60.0376747036,NonCon,001,i,
"images/Neutral/8,1.png","images/Emotion/7,3.png",0,114,114,114,,,2018_Jan_16_1203,60.0376747036,NonCon,001,i,
"images/Neutral/6,1.png","images/Emotion/5,3.png",0,115,115,115,,,2018_Jan_16_1203,60.0376747036,NonCon,001,i,
"images/Neutral/2,1.png","images/Emotion/1,3.png",0,116,116,116,,,2018_Jan_16_1203,60.0376747036,NonCon,001,i,
"images/Neutral/1,1.png","images/Emotion/4,3.png",0,117,117,117,,,2018_Jan_16_1203,60.0376747036,NonCon,001,i,
"images/Neutral/4,1.png","images/Emotion/3,3.png",0,118,118,118,,,2018_Jan_16_1203,60.0376747036,NonCon,001,i,
"images/Neutral/3,1.png","images/Emotion/2,3.png",0,119,119,119,,,2018_Jan_16_1203,60.0376747036,NonCon,001,i,
"images/Neutral/2,1.png","images/Emotion/1,1.png",0,120,120,120,,,2018_Jan_16_1203,60.0376747036,NonCon,001,i,
"images/Neutral/8,1.png","images/Emotion/7,1.png",0,121,121,121,,,2018_Jan_16_1203,60.0376747036,NonCon,001,i,
"images/Neutral/7,1.png","images/Emotion/6,1.png",0,122,122,122,,,2018_Jan_16_1203,60.0376747036,NonCon,001,i,
"images/Neutral/3,1.png","images/Emotion/2,1.png",0,123,123,123,,,2018_Jan_16_1203,60.0376747036,NonCon,001,i,
"images/Neutral/1,1.png","images/Emotion/4,1.png",0,124,124,124,,,2018_Jan_16_1203,60.0376747036,NonCon,001,i,
"images/Neutral/6,1.png","images/Emotion/5,1.png",0,125,125,125,,,2018_Jan_16_1203,60.0376747036,NonCon,001,i,
"images/Neutral/5,1.png","images/Emotion/8,1.png",0,126,126,126,,,2018_Jan_16_1203,60.0376747036,NonCon,001,i,
"images/Neutral/4,1.png","images/Emotion/3,1.png",0,127,127,127,,,2018_Jan_16_1203,60.0376747036,NonCon,001,i,
"images/Neutral/5,1.png","images/Emotion/8,5.png",0,128,128,128,,,2018_Jan_16_1203,60.0376747036,NonCon,001,i,
"images/Neutral/8,1.png","images/Emotion/7,5.png",0,129,129,129,,,2018_Jan_16_1203,60.0376747036,NonCon,001,i,
"images/Neutral/4,1.png","images/Emotion/3,5.png",0,130,130,130,,,2018_Jan_16_1203,60.0376747036,NonCon,001,i,
"images/Neutral/2,1.png","images/Emotion/1,5.png",0,131,131,131,,,2018_Jan_16_1203,60.0376747036,NonCon,001,i,
"images/Neutral/6,1.png","images/Emotion/5,5.png",0,132,132,132,,,2018_Jan_16_1203,60.0376747036,NonCon,001,i,
"images/Neutral/7,1.png","images/Emotion/6,5.png",0,133,133,133,,,2018_Jan_16_1203,60.0376747036,NonCon,001,i,
"images/Neutral/3,1.png","images/Emotion/2,5.png",0,134,134,134,,,2018_Jan_16_1203,60.0376747036,NonCon,001,i,
"images/Neutral/1,1.png","images/Emotion/4,5.png",0,135,135,135,,,2018_Jan_16_1203,60.0376747036,NonCon,001,i,
"images/Neutral/2,1.png","images/Emotion/1,1.png",0,136,136,136,,,2018_Jan_16_1203,60.0376747036,NonCon,001,i,
"images/Neutral/8,1.png","images/Emotion/7,1.png",0,137,137,137,,,2018_Jan_16_1203,60.0376747036,NonCon,001,i,
"images/Neutral/7,1.png","images/Emotion/6,1.png",0,138,138,138,,,2018_Jan_16_1203,60.0376747036,NonCon,001,i,
"images/Neutral/3,1.png","images/Emotion/2,1.png",0,139,139,139,,,2018_Jan_16_1203,60.0376747036,NonCon,001,i,
"images/Neutral/1,1.png","images/Emotion/4,1.png",0,140,140,140,,,2018_Jan_16_1203,60.0376747036,NonCon,001,i,
"images/Neutral/6,1.png","images/Emotion/5,1.png",0,141,141,141,,,2018_Jan_16_1203,60.0376747036,NonCon,001,i,
"images/Neutral/5,1.png","images/Emotion/8,1.png",0,142,142,142,,,2018_Jan_16_1203,60.0376747036,NonCon,001,i,
"images/Neutral/4,1.png","images/Emotion/3,1.png",0,143,143,143,,,2018_Jan_16_1203,60.0376747036,NonCon,001,i,
"images/Neutral/7,1.png","images/Emotion/6,6.png",0,144,144,144,,,2018_Jan_16_1203,60.0376747036,NonCon,001,i,
"images/Neutral/1,1.png","images/Emotion/4,6.png",0,145,145,145,,,2018_Jan_16_1203,60.0376747036,NonCon,001,i,
"images/Neutral/8,1.png","images/Emotion/7,6.png",0,146,146,146,,,2018_Jan_16_1203,60.0376747036,NonCon,001,i,
"images/Neutral/4,1.png","images/Emotion/3,6.png",0,147,147,147,,,2018_Jan_16_1203,60.0376747036,NonCon,001,i,
"images/Neutral/5,1.png","images/Emotion/8,6.png",0,148,148,148,,,2018_Jan_16_1203,60.0376747036,NonCon,001,i,
"images/Neutral/3,1.png","images/Emotion/2,6.png",0,149,149,149,,,2018_Jan_16_1203,60.0376747036,NonCon,001,i,
"images/Neutral/2,1.png","images/Emotion/1,6.png",0,150,150,150,,,2018_Jan_16_1203,60.0376747036,NonCon,001,i,
"images/Neutral/6,1.png","images/Emotion/5,6.png",0,151,151,151,,,2018_Jan_16_1203,60.0376747036,NonCon,001,i,
"images/Neutral/2,1.png","images/Emotion/1,1.png",0,152,152,152,,,2018_Jan_16_1203,60.0376747036,NonCon,001,i,
"images/Neutral/8,1.png","images/Emotion/7,1.png",0,153,153,153,,,2018_Jan_16_1203,60.0376747036,NonCon,001,i,
"images/Neutral/7,1.png","images/Emotion/6,1.png",0,154,154,154,,,2018_Jan_16_1203,60.0376747036,NonCon,001,i,
"images/Neutral/3,1.png","images/Emotion/2,1.png",0,155,155,155,,,2018_Jan_16_1203,60.0376747036,NonCon,001,i,
"images/Neutral/1,1.png","images/Emotion/4,1.png",0,156,156,156,,,2018_Jan_16_1203,60.0376747036,NonCon,001,i,
"images/Neutral/6,1.png","images/Emotion/5,1.png",0,157,157,157,,,2018_Jan_16_1203,60.0376747036,NonCon,001,i,
"images/Neutral/5,1.png","images/Emotion/8,1.png",0,158,158,158,,,2018_Jan_16_1203,60.0376747036,NonCon,001,i,
"images/Neutral/4,1.png","images/Emotion/3,1.png",0,159,159,159,,,2018_Jan_16_1203,60.0376747036,NonCon,001,i,
"images/Neutral/3,1.png","images/Emotion/2,2.png",0,160,160,160,,,2018_Jan_16_1203,60.0376747036,NonCon,001,i,
"images/Neutral/5,1.png","images/Emotion/8,2.png",0,161,161,161,,,2018_Jan_16_1203,60.0376747036,NonCon,001,i,
"images/Neutral/8,1.png","images/Emotion/7,2.png",0,162,162,162,,,2018_Jan_16_1203,60.0376747036,NonCon,001,i,
"images/Neutral/4,1.png","images/Emotion/3,2.png",0,163,163,163,,,2018_Jan_16_1203,60.0376747036,NonCon,001,i,
"images/Neutral/1,1.png","images/Emotion/4,2.png",0,164,164,164,,,2018_Jan_16_1203,60.0376747036,NonCon,001,i,
"images/Neutral/2,1.png","images/Emotion/1,2.png",0,165,165,165,,,2018_Jan_16_1203,60.0376747036,NonCon,001,i,
"images/Neutral/7,1.png","images/Emotion/6,2.png",0,166,166,166,,,2018_Jan_16_1203,60.0376747036,NonCon,001,i,
"images/Neutral/6,1.png","images/Emotion/5,2.png",0,167,167,167,,,2018_Jan_16_1203,60.0376747036,NonCon,001,i,
"images/Neutral/7,1.png","images/Emotion/6,3.png",0,168,168,168,,,2018_Jan_16_1203,60.0376747036,NonCon,001,i,
"images/Neutral/5,1.png","images/Emotion/8,3.png",0,169,169,169,,,2018_Jan_16_1203,60.0376747036,NonCon,001,i,
"images/Neutral/8,1.png","images/Emotion/7,3.png",0,170,170,170,,,2018_Jan_16_1203,60.0376747036,NonCon,001,i,
"images/Neutral/6,1.png","images/Emotion/5,3.png",0,171,171,171,,,2018_Jan_16_1203,60.0376747036,NonCon,001,i,
"images/Neutral/2,1.png","images/Emotion/1,3.png",0,172,172,172,,,2018_Jan_16_1203,60.0376747036,NonCon,001,i,
"images/Neutral/1,1.png","images/Emotion/4,3.png",0,173,173,173,,,2018_Jan_16_1203,60.0376747036,NonCon,001,i,
"images/Neutral/4,1.png","images/Emotion/3,3.png",0,174,174,174,,,2018_Jan_16_1203,60.0376747036,NonCon,001,i,
"images/Neutral/3,1.png","images/Emotion/2,3.png",0,175,175,175,,,2018_Jan_16_1203,60.0376747036,NonCon,001,i,
"images/Neutral/5,1.png","images/Emotion/8,5.png",0,176,176,176,,,2018_Jan_16_1203,60.0376747036,NonCon,001,i,
"images/Neutral/8,1.png","images/Emotion/7,5.png",0,177,177,177,,,2018_Jan_16_1203,60.0376747036,NonCon,001,i,
"images/Neutral/4,1.png","images/Emotion/3,5.png",0,178,178,178,,,2018_Jan_16_1203,60.0376747036,NonCon,001,i,
"images/Neutral/2,1.png","images/Emotion/1,5.png",0,179,179,179,,,2018_Jan_16_1203,60.0376747036,NonCon,001,i,
"images/Neutral/6,1.png","images/Emotion/5,5.png",0,180,180,180,,,2018_Jan_16_1203,60.0376747036,NonCon,001,i,
"images/Neutral/7,1.png","images/Emotion/6,5.png",0,181,181,181,,,2018_Jan_16_1203,60.0376747036,NonCon,001,i,
"images/Neutral/3,1.png","images/Emotion/2,5.png",0,182,182,182,,,2018_Jan_16_1203,60.0376747036,NonCon,001,i,
"images/Neutral/1,1.png","images/Emotion/4,5.png",0,183,183,183,,,2018_Jan_16_1203,60.0376747036,NonCon,001,i,
"images/Neutral/7,1.png","images/Emotion/6,3.png",0,184,184,184,,,2018_Jan_16_1203,60.0376747036,NonCon,001,i,
"images/Neutral/5,1.png","images/Emotion/8,3.png",0,185,185,185,,,2018_Jan_16_1203,60.0376747036,NonCon,001,i,
"images/Neutral/8,1.png","images/Emotion/7,3.png",0,186,186,186,,,2018_Jan_16_1203,60.0376747036,NonCon,001,i,
"images/Neutral/6,1.png","images/Emotion/5,3.png",0,187,187,187,,,2018_Jan_16_1203,60.0376747036,NonCon,001,i,
"images/Neutral/2,1.png","images/Emotion/1,3.png",0,188,188,188,,,2018_Jan_16_1203,60.0376747036,NonCon,001,i,
"images/Neutral/1,1.png","images/Emotion/4,3.png",0,189,189,189,,,2018_Jan_16_1203,60.0376747036,NonCon,001,i,
"images/Neutral/4,1.png","images/Emotion/3,3.png",0,190,190,190,,,2018_Jan_16_1203,60.0376747036,NonCon,001,i,
"images/Neutral/3,1.png","images/Emotion/2,3.png",0,191,191,191,,,2018_Jan_16_1203,60.0376747036,NonCon,001,i,
"images/Neutral/2,1.png","images/Emotion/1,4.png",0,192,192,192,,,2018_Jan_16_1203,60.0376747036,NonCon,001,i,
"images/Neutral/6,1.png","images/Emotion/5,4.png",0,193,193,193,,,2018_Jan_16_1203,60.0376747036,NonCon,001,i,
"images/Neutral/4,1.png","images/Emotion/3,4.png",0,194,194,194,,,2018_Jan_16_1203,60.0376747036,NonCon,001,i,
"images/Neutral/7,1.png","images/Emotion/6,4.png",0,195,195,195,,,2018_Jan_16_1203,60.0376747036,NonCon,001,i,
"images/Neutral/5,1.png","images/Emotion/8,4.png",0,196,196,196,,,2018_Jan_16_1203,60.0376747036,NonCon,001,i,
"images/Neutral/8,1.png","images/Emotion/7,4.png",0,197,197,197,,,2018_Jan_16_1203,60.0376747036,NonCon,001,i,
"images/Neutral/3,1.png","images/Emotion/2,4.png",0,198,198,198,,,2018_Jan_16_1203,60.0376747036,NonCon,001,i,
"images/Neutral/1,1.png","images/Emotion/4,4.png",0,199,199,199,,,2018_Jan_16_1203,60.0376747036,NonCon,001,i,
"images/Neutral/5,1.png","images/Emotion/8,5.png",0,200,200,200,,,2018_Jan_16_1203,60.0376747036,NonCon,001,i,
"images/Neutral/8,1.png","images/Emotion/7,5.png",0,201,201,201,,,2018_Jan_16_1203,60.0376747036,NonCon,001,i,
"images/Neutral/4,1.png","images/Emotion/3,5.png",0,202,202,202,,,2018_Jan_16_1203,60.0376747036,NonCon,001,i,
"images/Neutral/2,1.png","images/Emotion/1,5.png",0,203,203,203,,,2018_Jan_16_1203,60.0376747036,NonCon,001,i,
"images/Neutral/6,1.png","images/Emotion/5,5.png",0,204,204,204,,,2018_Jan_16_1203,60.0376747036,NonCon,001,i,
"images/Neutral/7,1.png","images/Emotion/6,5.png",0,205,205,205,,,2018_Jan_16_1203,60.0376747036,NonCon,001,i,
"images/Neutral/3,1.png","images/Emotion/2,5.png",0,206,206,206,,,2018_Jan_16_1203,60.0376747036,NonCon,001,i,
"images/Neutral/1,1.png","images/Emotion/4,5.png",0,207,207,207,,,2018_Jan_16_1203,60.0376747036,NonCon,001,i,
"images/Neutral/2,1.png","images/Emotion/1,4.png",0,208,208,208,,,2018_Jan_16_1203,60.0376747036,NonCon,001,i,
"images/Neutral/6,1.png","images/Emotion/5,4.png",0,209,209,209,,,2018_Jan_16_1203,60.0376747036,NonCon,001,i,
"images/Neutral/4,1.png","images/Emotion/3,4.png",0,210,210,210,,,2018_Jan_16_1203,60.0376747036,NonCon,001,i,
"images/Neutral/7,1.png","images/Emotion/6,4.png",0,211,211,211,,,2018_Jan_16_1203,60.0376747036,NonCon,001,i,
"images/Neutral/5,1.png","images/Emotion/8,4.png",0,212,212,212,,,2018_Jan_16_1203,60.0376747036,NonCon,001,i,
"images/Neutral/8,1.png","images/Emotion/7,4.png",0,213,213,213,,,2018_Jan_16_1203,60.0376747036,NonCon,001,i,
"images/Neutral/3,1.png","images/Emotion/2,4.png",0,214,214,214,,,2018_Jan_16_1203,60.0376747036,NonCon,001,i,
"images/Neutral/1,1.png","images/Emotion/4,4.png",0,215,215,215,,,2018_Jan_16_1203,60.0376747036,NonCon,001,i,
"images/Neutral/3,1.png","images/Emotion/2,2.png",0,216,216,216,,,2018_Jan_16_1203,60.0376747036,NonCon,001,i,
"images/Neutral/5,1.png","images/Emotion/8,2.png",0,217,217,217,,,2018_Jan_16_1203,60.0376747036,NonCon,001,i,
"images/Neutral/8,1.png","images/Emotion/7,2.png",0,218,218,218,,,2018_Jan_16_1203,60.0376747036,NonCon,001,i,
"images/Neutral/4,1.png","images/Emotion/3,2.png",0,219,219,219,,,2018_Jan_16_1203,60.0376747036,NonCon,001,i,
"images/Neutral/1,1.png","images/Emotion/4,2.png",0,220,220,220,,,2018_Jan_16_1203,60.0376747036,NonCon,001,i,
"images/Neutral/2,1.png","images/Emotion/1,2.png",0,221,221,221,,,2018_Jan_16_1203,60.0376747036,NonCon,001,i,
"images/Neutral/7,1.png","images/Emotion/6,2.png",0,222,222,222,,,2018_Jan_16_1203,60.0376747036,NonCon,001,i,
"images/Neutral/6,1.png","images/Emotion/5,2.png",0,223,223,223,,,2018_Jan_16_1203,60.0376747036,NonCon,001,i,
"images/Neutral/5,1.png","images/Emotion/8,5.png",0,224,224,224,,,2018_Jan_16_1203,60.0376747036,NonCon,001,i,
"images/Neutral/8,1.png","images/Emotion/7,5.png",0,225,225,225,,,2018_Jan_16_1203,60.0376747036,NonCon,001,i,
"images/Neutral/4,1.png","images/Emotion/3,5.png",0,226,226,226,,,2018_Jan_16_1203,60.0376747036,NonCon,001,i,
"images/Neutral/2,1.png","images/Emotion/1,5.png",0,227,227,227,,,2018_Jan_16_1203,60.0376747036,NonCon,001,i,
"images/Neutral/6,1.png","images/Emotion/5,5.png",0,228,228,228,,,2018_Jan_16_1203,60.0376747036,NonCon,001,i,
"images/Neutral/7,1.png","images/Emotion/6,5.png",0,229,229,229,,,2018_Jan_16_1203,60.0376747036,NonCon,001,i,
"images/Neutral/3,1.png","images/Emotion/2,5.png",0,230,230,230,,,2018_Jan_16_1203,60.0376747036,NonCon,001,i,
"images/Neutral/1,1.png","images/Emotion/4,5.png",0,231,231,231,,,2018_Jan_16_1203,60.0376747036,NonCon,001,i,
"images/Neutral/7,1.png","images/Emotion/6,6.png",0,232,232,232,,,2018_Jan_16_1203,60.0376747036,NonCon,001,i,
"images/Neutral/1,1.png","images/Emotion/4,6.png",0,233,233,233,,,2018_Jan_16_1203,60.0376747036,NonCon,001,i,
"images/Neutral/8,1.png","images/Emotion/7,6.png",0,234,234,234,,,2018_Jan_16_1203,60.0376747036,NonCon,001,i,
"images/Neutral/4,1.png","images/Emotion/3,6.png",0,235,235,235,,,2018_Jan_16_1203,60.0376747036,NonCon,001,i,
"images/Neutral/5,1.png","images/Emotion/8,6.png",0,236,236,236,,,2018_Jan_16_1203,60.0376747036,NonCon,001,i,
"images/Neutral/3,1.png","images/Emotion/2,6.png",0,237,237,237,,,2018_Jan_16_1203,60.0376747036,NonCon,001,i,
"images/Neutral/2,1.png","images/Emotion/1,6.png",0,238,238,238,,,2018_Jan_16_1203,60.0376747036,NonCon,001,i,
"images/Neutral/6,1.png","images/Emotion/5,6.png",0,239,239,239,,,2018_Jan_16_1203,60.0376747036,NonCon,001,i,
"images/Neutral/2,1.png","images/Emotion/1,4.png",1,0,240,0,,,2018_Jan_16_1203,60.0376747036,NonCon,001,i,
"images/Neutral/6,1.png","images/Emotion/5,4.png",1,1,241,1,,,2018_Jan_16_1203,60.0376747036,NonCon,001,i,
"images/Neutral/4,1.png","images/Emotion/3,4.png",1,2,242,2,,,2018_Jan_16_1203,60.0376747036,NonCon,001,i,
"images/Neutral/7,1.png","images/Emotion/6,4.png",1,3,243,3,,,2018_Jan_16_1203,60.0376747036,NonCon,001,i,
"images/Neutral/5,1.png","images/Emotion/8,4.png",1,4,244,4,,,2018_Jan_16_1203,60.0376747036,NonCon,001,i,
"images/Neutral/8,1.png","images/Emotion/7,4.png",1,5,245,5,,,2018_Jan_16_1203,60.0376747036,NonCon,001,i,
"images/Neutral/3,1.png","images/Emotion/2,4.png",1,6,246,6,,,2018_Jan_16_1203,60.0376747036,NonCon,001,i,
"images/Neutral/1,1.png","images/Emotion/4,4.png",1,7,247,7,,,2018_Jan_16_1203,60.0376747036,NonCon,001,i,
"images/Neutral/3,1.png","images/Emotion/2,2.png",1,8,248,8,,,2018_Jan_16_1203,60.0376747036,NonCon,001,i,
"images/Neutral/5,1.png","images/Emotion/8,2.png",1,9,249,9,,,2018_Jan_16_1203,60.0376747036,NonCon,001,i,
"images/Neutral/8,1.png","images/Emotion/7,2.png",1,10,250,10,,,2018_Jan_16_1203,60.0376747036,NonCon,001,i,
"images/Neutral/4,1.png","images/Emotion/3,2.png",1,11,251,11,,,2018_Jan_16_1203,60.0376747036,NonCon,001,i,
"images/Neutral/1,1.png","images/Emotion/4,2.png",1,12,252,12,,,2018_Jan_16_1203,60.0376747036,NonCon,001,i,
"images/Neutral/2,1.png","images/Emotion/1,2.png",1,13,253,13,,,2018_Jan_16_1203,60.0376747036,NonCon,001,i,
"images/Neutral/7,1.png","images/Emotion/6,2.png",1,14,254,14,,,2018_Jan_16_1203,60.0376747036,NonCon,001,i,
"images/Neutral/6,1.png","images/Emotion/5,2.png",1,15,255,15,,,2018_Jan_16_1203,60.0376747036,NonCon,001,i,
"images/Neutral/2,1.png","images/Emotion/1,1.png",1,16,256,16,,,2018_Jan_16_1203,60.0376747036,NonCon,001,i,
"images/Neutral/8,1.png","images/Emotion/7,1.png",1,17,257,17,,,2018_Jan_16_1203,60.0376747036,NonCon,001,i,
"images/Neutral/7,1.png","images/Emotion/6,1.png",1,18,258,18,,,2018_Jan_16_1203,60.0376747036,NonCon,001,i,
"images/Neutral/3,1.png","images/Emotion/2,1.png",1,19,259,19,,,2018_Jan_16_1203,60.0376747036,NonCon,001,i,
"images/Neutral/1,1.png","images/Emotion/4,1.png",1,20,260,20,,,2018_Jan_16_1203,60.0376747036,NonCon,001,i,
"images/Neutral/6,1.png","images/Emotion/5,1.png",1,21,261,21,,,2018_Jan_16_1203,60.0376747036,NonCon,001,i,
"images/Neutral/5,1.png","images/Emotion/8,1.png",1,22,262,22,,,2018_Jan_16_1203,60.0376747036,NonCon,001,i,
"images/Neutral/4,1.png","images/Emotion/3,1.png",1,23,263,23,,,2018_Jan_16_1203,60.0376747036,NonCon,001,i,
"images/Neutral/7,1.png","images/Emotion/6,3.png",1,24,264,24,,,2018_Jan_16_1203,60.0376747036,NonCon,001,i,
"images/Neutral/5,1.png","images/Emotion/8,3.png",1,25,265,25,,,2018_Jan_16_1203,60.0376747036,NonCon,001,i,
"images/Neutral/8,1.png","images/Emotion/7,3.png",1,26,266,26,,,2018_Jan_16_1203,60.0376747036,NonCon,001,i,
"images/Neutral/6,1.png","images/Emotion/5,3.png",1,27,267,27,,,2018_Jan_16_1203,60.0376747036,NonCon,001,i,
"images/Neutral/2,1.png","images/Emotion/1,3.png",1,28,268,28,,,2018_Jan_16_1203,60.0376747036,NonCon,001,i,
"images/Neutral/1,1.png","images/Emotion/4,3.png",1,29,269,29,,,2018_Jan_16_1203,60.0376747036,NonCon,001,i,
"images/Neutral/4,1.png","images/Emotion/3,3.png",1,30,270,30,,,2018_Jan_16_1203,60.0376747036,NonCon,001,i,
"images/Neutral/3,1.png","images/Emotion/2,3.png",1,31,271,31,,,2018_Jan_16_1203,60.0376747036,NonCon,001,i,
"images/Neutral/2,1.png","images/Emotion/1,4.png",1,32,272,32,,,2018_Jan_16_1203,60.0376747036,NonCon,001,i,
"images/Neutral/6,1.png","images/Emotion/5,4.png",1,33,273,33,,,2018_Jan_16_1203,60.0376747036,NonCon,001,i,
"images/Neutral/4,1.png","images/Emotion/3,4.png",1,34,274,34,,,2018_Jan_16_1203,60.0376747036,NonCon,001,i,
"images/Neutral/7,1.png","images/Emotion/6,4.png",1,35,275,35,,,2018_Jan_16_1203,60.0376747036,NonCon,001,i,
"images/Neutral/5,1.png","images/Emotion/8,4.png",1,36,276,36,,,2018_Jan_16_1203,60.0376747036,NonCon,001,i,
"images/Neutral/8,1.png","images/Emotion/7,4.png",1,37,277,37,,,2018_Jan_16_1203,60.0376747036,NonCon,001,i,
"images/Neutral/3,1.png","images/Emotion/2,4.png",1,38,278,38,,,2018_Jan_16_1203,60.0376747036,NonCon,001,i,
"images/Neutral/1,1.png","images/Emotion/4,4.png",1,39,279,39,,,2018_Jan_16_1203,60.0376747036,NonCon,001,i,
"images/Neutral/7,1.png","images/Emotion/6,6.png",1,40,280,40,,,2018_Jan_16_1203,60.0376747036,NonCon,001,i,
"images/Neutral/1,1.png","images/Emotion/4,6.png",1,41,281,41,,,2018_Jan_16_1203,60.0376747036,NonCon,001,i,
"images/Neutral/8,1.png","images/Emotion/7,6.png",1,42,282,42,,,2018_Jan_16_1203,60.0376747036,NonCon,001,i,
"images/Neutral/4,1.png","images/Emotion/3,6.png",1,43,283,43,,,2018_Jan_16_1203,60.0376747036,NonCon,001,i,
"images/Neutral/5,1.png","images/Emotion/8,6.png",1,44,284,44,,,2018_Jan_16_1203,60.0376747036,NonCon,001,i,
"images/Neutral/3,1.png","images/Emotion/2,6.png",1,45,285,45,,,2018_Jan_16_1203,60.0376747036,NonCon,001,i,
"images/Neutral/2,1.png","images/Emotion/1,6.png",1,46,286,46,,,2018_Jan_16_1203,60.0376747036,NonCon,001,i,
"images/Neutral/6,1.png","images/Emotion/5,6.png",1,47,287,47,,,2018_Jan_16_1203,60.0376747036,NonCon,001,i,
"images/Neutral/2,1.png","images/Emotion/1,1.png",1,48,288,48,,,2018_Jan_16_1203,60.0376747036,NonCon,001,i,
"images/Neutral/8,1.png","images/Emotion/7,1.png",1,49,289,49,,,2018_Jan_16_1203,60.0376747036,NonCon,001,i,
"images/Neutral/7,1.png","images/Emotion/6,1.png",1,50,290,50,,,2018_Jan_16_1203,60.0376747036,NonCon,001,i,
"images/Neutral/3,1.png","images/Emotion/2,1.png",1,51,291,51,,,2018_Jan_16_1203,60.0376747036,NonCon,001,i,
"images/Neutral/1,1.png","images/Emotion/4,1.png",1,52,292,52,,,2018_Jan_16_1203,60.0376747036,NonCon,001,i,
"images/Neutral/6,1.png","images/Emotion/5,1.png",1,53,293,53,,,2018_Jan_16_1203,60.0376747036,NonCon,001,i,
"images/Neutral/5,1.png","images/Emotion/8,1.png",1,54,294,54,,,2018_Jan_16_1203,60.0376747036,NonCon,001,i,
"images/Neutral/4,1.png","images/Emotion/3,1.png",1,55,295,55,,,2018_Jan_16_1203,60.0376747036,NonCon,001,i,
"images/Neutral/7,1.png","images/Emotion/6,6.png",1,56,296,56,,,2018_Jan_16_1203,60.0376747036,NonCon,001,i,
"images/Neutral/1,1.png","images/Emotion/4,6.png",1,57,297,57,,,2018_Jan_16_1203,60.0376747036,NonCon,001,i,
"images/Neutral/8,1.png","images/Emotion/7,6.png",1,58,298,58,,,2018_Jan_16_1203,60.0376747036,NonCon,001,i,
"images/Neutral/4,1.png","images/Emotion/3,6.png",1,59,299,59,,,2018_Jan_16_1203,60.0376747036,NonCon,001,i,
"images/Neutral/5,1.png","images/Emotion/8,6.png",1,60,300,60,,,2018_Jan_16_1203,60.0376747036,NonCon,001,i,
"images/Neutral/3,1.png","images/Emotion/2,6.png",1,61,301,61,,,2018_Jan_16_1203,60.0376747036,NonCon,001,i,
"images/Neutral/2,1.png","images/Emotion/1,6.png",1,62,302,62,,,2018_Jan_16_1203,60.0376747036,NonCon,001,i,
"images/Neutral/6,1.png","images/Emotion/5,6.png",1,63,303,63,,,2018_Jan_16_1203,60.0376747036,NonCon,001,i,
"images/Neutral/3,1.png","images/Emotion/2,2.png",1,64,304,64,,,2018_Jan_16_1203,60.0376747036,NonCon,001,i,
"images/Neutral/5,1.png","images/Emotion/8,2.png",1,65,305,65,,,2018_Jan_16_1203,60.0376747036,NonCon,001,i,
"images/Neutral/8,1.png","images/Emotion/7,2.png",1,66,306,66,,,2018_Jan_16_1203,60.0376747036,NonCon,001,i,
"images/Neutral/4,1.png","images/Emotion/3,2.png",1,67,307,67,,,2018_Jan_16_1203,60.0376747036,NonCon,001,i,
"images/Neutral/1,1.png","images/Emotion/4,2.png",1,68,308,68,,,2018_Jan_16_1203,60.0376747036,NonCon,001,i,
"images/Neutral/2,1.png","images/Emotion/1,2.png",1,69,309,69,,,2018_Jan_16_1203,60.0376747036,NonCon,001,i,
"images/Neutral/7,1.png","images/Emotion/6,2.png",1,70,310,70,,,2018_Jan_16_1203,60.0376747036,NonCon,001,i,
"images/Neutral/6,1.png","images/Emotion/5,2.png",1,71,311,71,,,2018_Jan_16_1203,60.0376747036,NonCon,001,i,
"images/Neutral/2,1.png","images/Emotion/1,4.png",1,72,312,72,,,2018_Jan_16_1203,60.0376747036,NonCon,001,i,
"images/Neutral/6,1.png","images/Emotion/5,4.png",1,73,313,73,,,2018_Jan_16_1203,60.0376747036,NonCon,001,i,
"images/Neutral/4,1.png","images/Emotion/3,4.png",1,74,314,74,,,2018_Jan_16_1203,60.0376747036,NonCon,001,i,
"images/Neutral/7,1.png","images/Emotion/6,4.png",1,75,315,75,,,2018_Jan_16_1203,60.0376747036,NonCon,001,i,
"images/Neutral/5,1.png","images/Emotion/8,4.png",1,76,316,76,,,2018_Jan_16_1203,60.0376747036,NonCon,001,i,
"images/Neutral/8,1.png","images/Emotion/7,4.png",1,77,317,77,,,2018_Jan_16_1203,60.0376747036,NonCon,001,i,
"images/Neutral/3,1.png","images/Emotion/2,4.png",1,78,318,78,,,2018_Jan_16_1203,60.0376747036,NonCon,001,i,
"images/Neutral/1,1.png","images/Emotion/4,4.png",1,79,319,79,,,2018_Jan_16_1203,60.0376747036,NonCon,001,i,
"images/Neutral/3,1.png","images/Emotion/2,2.png",1,80,320,80,,,2018_Jan_16_1203,60.0376747036,NonCon,001,i,
"images/Neutral/5,1.png","images/Emotion/8,2.png",1,81,321,81,,,2018_Jan_16_1203,60.0376747036,NonCon,001,i,
"images/Neutral/8,1.png","images/Emotion/7,2.png",1,82,322,82,,,2018_Jan_16_1203,60.0376747036,NonCon,001,i,
"images/Neutral/4,1.png","images/Emotion/3,2.png",1,83,323,83,,,2018_Jan_16_1203,60.0376747036,NonCon,001,i,
"images/Neutral/1,1.png","images/Emotion/4,2.png",1,84,324,84,,,2018_Jan_16_1203,60.0376747036,NonCon,001,i,
"images/Neutral/2,1.png","images/Emotion/1,2.png",1,85,325,85,,,2018_Jan_16_1203,60.0376747036,NonCon,001,i,
"images/Neutral/7,1.png","images/Emotion/6,2.png",1,86,326,86,,,2018_Jan_16_1203,60.0376747036,NonCon,001,i,
"images/Neutral/6,1.png","images/Emotion/5,2.png",1,87,327,87,,,2018_Jan_16_1203,60.0376747036,NonCon,001,i,
"images/Neutral/5,1.png","images/Emotion/8,5.png",1,88,328,88,,,2018_Jan_16_1203,60.0376747036,NonCon,001,i,
"images/Neutral/8,1.png","images/Emotion/7,5.png",1,89,329,89,,,2018_Jan_16_1203,60.0376747036,NonCon,001,i,
"images/Neutral/4,1.png","images/Emotion/3,5.png",1,90,330,90,,,2018_Jan_16_1203,60.0376747036,NonCon,001,i,
"images/Neutral/2,1.png","images/Emotion/1,5.png",1,91,331,91,,,2018_Jan_16_1203,60.0376747036,NonCon,001,i,
"images/Neutral/6,1.png","images/Emotion/5,5.png",1,92,332,92,,,2018_Jan_16_1203,60.0376747036,NonCon,001,i,
"images/Neutral/7,1.png","images/Emotion/6,5.png",1,93,333,93,,,2018_Jan_16_1203,60.0376747036,NonCon,001,i,
"images/Neutral/3,1.png","images/Emotion/2,5.png",1,94,334,94,,,2018_Jan_16_1203,60.0376747036,NonCon,001,i,
"images/Neutral/1,1.png","images/Emotion/4,5.png",1,95,335,95,,,2018_Jan_16_1203,60.0376747036,NonCon,001,i,
"images/Neutral/7,1.png","images/Emotion/6,3.png",1,96,336,96,,,2018_Jan_16_1203,60.0376747036,NonCon,001,i,
"images/Neutral/5,1.png","images/Emotion/8,3.png",1,97,337,97,,,2018_Jan_16_1203,60.0376747036,NonCon,001,i,
"images/Neutral/8,1.png","images/Emotion/7,3.png",1,98,338,98,,,2018_Jan_16_1203,60.0376747036,NonCon,001,i,
"images/Neutral/6,1.png","images/Emotion/5,3.png",1,99,339,99,,,2018_Jan_16_1203,60.0376747036,NonCon,001,i,
"images/Neutral/2,1.png","images/Emotion/1,3.png",1,100,340,100,,,2018_Jan_16_1203,60.0376747036,NonCon,001,i,
"images/Neutral/1,1.png","images/Emotion/4,3.png",1,101,341,101,,,2018_Jan_16_1203,60.0376747036,NonCon,001,i,
"images/Neutral/4,1.png","images/Emotion/3,3.png",1,102,342,102,,,2018_Jan_16_1203,60.0376747036,NonCon,001,i,
"images/Neutral/3,1.png","images/Emotion/2,3.png",1,103,343,103,,,2018_Jan_16_1203,60.0376747036,NonCon,001,i,
"images/Neutral/7,1.png","images/Emotion/6,6.png",1,104,344,104,,,2018_Jan_16_1203,60.0376747036,NonCon,001,i,
"images/Neutral/1,1.png","images/Emotion/4,6.png",1,105,345,105,,,2018_Jan_16_1203,60.0376747036,NonCon,001,i,
"images/Neutral/8,1.png","images/Emotion/7,6.png",1,106,346,106,,,2018_Jan_16_1203,60.0376747036,NonCon,001,i,
"images/Neutral/4,1.png","images/Emotion/3,6.png",1,107,347,107,,,2018_Jan_16_1203,60.0376747036,NonCon,001,i,
"images/Neutral/5,1.png","images/Emotion/8,6.png",1,108,348,108,,,2018_Jan_16_1203,60.0376747036,NonCon,001,i,
"images/Neutral/3,1.png","images/Emotion/2,6.png",1,109,349,109,,,2018_Jan_16_1203,60.0376747036,NonCon,001,i,
"images/Neutral/2,1.png","images/Emotion/1,6.png",1,110,350,110,,,2018_Jan_16_1203,60.0376747036,NonCon,001,i,
"images/Neutral/6,1.png","images/Emotion/5,6.png",1,111,351,111,,,2018_Jan_16_1203,60.0376747036,NonCon,001,i,
"images/Neutral/7,1.png","images/Emotion/6,3.png",1,112,352,112,,,2018_Jan_16_1203,60.0376747036,NonCon,001,i,
"images/Neutral/5,1.png","images/Emotion/8,3.png",1,113,353,113,,,2018_Jan_16_1203,60.0376747036,NonCon,001,i,
"images/Neutral/8,1.png","images/Emotion/7,3.png",1,114,354,114,,,2018_Jan_16_1203,60.0376747036,NonCon,001,i,
"images/Neutral/6,1.png","images/Emotion/5,3.png",1,115,355,115,,,2018_Jan_16_1203,60.0376747036,NonCon,001,i,
"images/Neutral/2,1.png","images/Emotion/1,3.png",1,116,356,116,,,2018_Jan_16_1203,60.0376747036,NonCon,001,i,
"images/Neutral/1,1.png","images/Emotion/4,3.png",1,117,357,117,,,2018_Jan_16_1203,60.0376747036,NonCon,001,i,
"images/Neutral/4,1.png","images/Emotion/3,3.png",1,118,358,118,,,2018_Jan_16_1203,60.0376747036,NonCon,001,i,
"images/Neutral/3,1.png","images/Emotion/2,3.png",1,119,359,119,,,2018_Jan_16_1203,60.0376747036,NonCon,001,i,
"images/Neutral/2,1.png","images/Emotion/1,1.png",1,120,360,120,,,2018_Jan_16_1203,60.0376747036,NonCon,001,i,
"images/Neutral/8,1.png","images/Emotion/7,1.png",1,121,361,121,,,2018_Jan_16_1203,60.0376747036,NonCon,001,i,
"images/Neutral/7,1.png","images/Emotion/6,1.png",1,122,362,122,,,2018_Jan_16_1203,60.0376747036,NonCon,001,i,
"images/Neutral/3,1.png","images/Emotion/2,1.png",1,123,363,123,,,2018_Jan_16_1203,60.0376747036,NonCon,001,i,
"images/Neutral/1,1.png","images/Emotion/4,1.png",1,124,364,124,,,2018_Jan_16_1203,60.0376747036,NonCon,001,i,
"images/Neutral/6,1.png","images/Emotion/5,1.png",1,125,365,125,,,2018_Jan_16_1203,60.0376747036,NonCon,001,i,
"images/Neutral/5,1.png","images/Emotion/8,1.png",1,126,366,126,,,2018_Jan_16_1203,60.0376747036,NonCon,001,i,
"images/Neutral/4,1.png","images/Emotion/3,1.png",1,127,367,127,,,2018_Jan_16_1203,60.0376747036,NonCon,001,i,
"images/Neutral/5,1.png","images/Emotion/8,5.png",1,128,368,128,,,2018_Jan_16_1203,60.0376747036,NonCon,001,i,
"images/Neutral/8,1.png","images/Emotion/7,5.png",1,129,369,129,,,2018_Jan_16_1203,60.0376747036,NonCon,001,i,
"images/Neutral/4,1.png","images/Emotion/3,5.png",1,130,370,130,,,2018_Jan_16_1203,60.0376747036,NonCon,001,i,
"images/Neutral/2,1.png","images/Emotion/1,5.png",1,131,371,131,,,2018_Jan_16_1203,60.0376747036,NonCon,001,i,
"images/Neutral/6,1.png","images/Emotion/5,5.png",1,132,372,132,,,2018_Jan_16_1203,60.0376747036,NonCon,001,i,
"images/Neutral/7,1.png","images/Emotion/6,5.png",1,133,373,133,,,2018_Jan_16_1203,60.0376747036,NonCon,001,i,
"images/Neutral/3,1.png","images/Emotion/2,5.png",1,134,374,134,,,2018_Jan_16_1203,60.0376747036,NonCon,001,i,
"images/Neutral/1,1.png","images/Emotion/4,5.png",1,135,375,135,,,2018_Jan_16_1203,60.0376747036,NonCon,001,i,
"images/Neutral/2,1.png","images/Emotion/1,1.png",1,136,376,136,,,2018_Jan_16_1203,60.0376747036,NonCon,001,i,
"images/Neutral/8,1.png","images/Emotion/7,1.png",1,137,377,137,,,2018_Jan_16_1203,60.0376747036,NonCon,001,i,
"images/Neutral/7,1.png","images/Emotion/6,1.png",1,138,378,138,,,2018_Jan_16_1203,60.0376747036,NonCon,001,i,
"images/Neutral/3,1.png","images/Emotion/2,1.png",1,139,379,139,,,2018_Jan_16_1203,60.0376747036,NonCon,001,i,
"images/Neutral/1,1.png","images/Emotion/4,1.png",1,140,380,140,,,2018_Jan_16_1203,60.0376747036,NonCon,001,i,
"images/Neutral/6,1.png","images/Emotion/5,1.png",1,141,381,141,,,2018_Jan_16_1203,60.0376747036,NonCon,001,i,
"images/Neutral/5,1.png","images/Emotion/8,1.png",1,142,382,142,,,2018_Jan_16_1203,60.0376747036,NonCon,001,i,
"images/Neutral/4,1.png","images/Emotion/3,1.png",1,143,383,143,,,2018_Jan_16_1203,60.0376747036,NonCon,001,i,
"images/Neutral/7,1.png","images/Emotion/6,6.png",1,144,384,144,,,2018_Jan_16_1203,60.0376747036,NonCon,001,i,
"images/Neutral/1,1.png","images/Emotion/4,6.png",1,145,385,145,,,2018_Jan_16_1203,60.0376747036,NonCon,001,i,
"images/Neutral/8,1.png","images/Emotion/7,6.png",1,146,386,146,,,2018_Jan_16_1203,60.0376747036,NonCon,001,i,
"images/Neutral/4,1.png","images/Emotion/3,6.png",1,147,387,147,,,2018_Jan_16_1203,60.0376747036,NonCon,001,i,
"images/Neutral/5,1.png","images/Emotion/8,6.png",1,148,388,148,,,2018_Jan_16_1203,60.0376747036,NonCon,001,i,
"images/Neutral/3,1.png","images/Emotion/2,6.png",1,149,389,149,,,2018_Jan_16_1203,60.0376747036,NonCon,001,i,
"images/Neutral/2,1.png","images/Emotion/1,6.png",1,150,390,150,,,2018_Jan_16_1203,60.0376747036,NonCon,001,i,
"images/Neutral/6,1.png","images/Emotion/5,6.png",1,151,391,151,,,2018_Jan_16_1203,60.0376747036,NonCon,001,i,
"images/Neutral/2,1.png","images/Emotion/1,1.png",1,152,392,152,,,2018_Jan_16_1203,60.0376747036,NonCon,001,i,
"images/Neutral/8,1.png","images/Emotion/7,1.png",1,153,393,153,,,2018_Jan_16_1203,60.0376747036,NonCon,001,i,
"images/Neutral/7,1.png","images/Emotion/6,1.png",1,154,394,154,,,2018_Jan_16_1203,60.0376747036,NonCon,001,i,
"images/Neutral/3,1.png","images/Emotion/2,1.png",1,155,395,155,,,2018_Jan_16_1203,60.0376747036,NonCon,001,i,
"images/Neutral/1,1.png","images/Emotion/4,1.png",1,156,396,156,,,2018_Jan_16_1203,60.0376747036,NonCon,001,i,
"images/Neutral/6,1.png","images/Emotion/5,1.png",1,157,397,157,,,2018_Jan_16_1203,60.0376747036,NonCon,001,i,
"images/Neutral/5,1.png","images/Emotion/8,1.png",1,158,398,158,,,2018_Jan_16_1203,60.0376747036,NonCon,001,i,
"images/Neutral/4,1.png","images/Emotion/3,1.png",1,159,399,159,,,2018_Jan_16_1203,60.0376747036,NonCon,001,i,
"images/Neutral/3,1.png","images/Emotion/2,2.png",1,160,400,160,,,2018_Jan_16_1203,60.0376747036,NonCon,001,i,
"images/Neutral/5,1.png","images/Emotion/8,2.png",1,161,401,161,,,2018_Jan_16_1203,60.0376747036,NonCon,001,i,
"images/Neutral/8,1.png","images/Emotion/7,2.png",1,162,402,162,,,2018_Jan_16_1203,60.0376747036,NonCon,001,i,
"images/Neutral/4,1.png","images/Emotion/3,2.png",1,163,403,163,,,2018_Jan_16_1203,60.0376747036,NonCon,001,i,
"images/Neutral/1,1.png","images/Emotion/4,2.png",1,164,404,164,,,2018_Jan_16_1203,60.0376747036,NonCon,001,i,
"images/Neutral/2,1.png","images/Emotion/1,2.png",1,165,405,165,,,2018_Jan_16_1203,60.0376747036,NonCon,001,i,
"images/Neutral/7,1.png","images/Emotion/6,2.png",1,166,406,166,,,2018_Jan_16_1203,60.0376747036,NonCon,001,i,
"images/Neutral/6,1.png","images/Emotion/5,2.png",1,167,407,167,,,2018_Jan_16_1203,60.0376747036,NonCon,001,i,
"images/Neutral/7,1.png","images/Emotion/6,3.png",1,168,408,168,,,2018_Jan_16_1203,60.0376747036,NonCon,001,i,
"images/Neutral/5,1.png","images/Emotion/8,3.png",1,169,409,169,,,2018_Jan_16_1203,60.0376747036,NonCon,001,i,
"images/Neutral/8,1.png","images/Emotion/7,3.png",1,170,410,170,,,2018_Jan_16_1203,60.0376747036,NonCon,001,i,
"images/Neutral/6,1.png","images/Emotion/5,3.png",1,171,411,171,,,2018_Jan_16_1203,60.0376747036,NonCon,001,i,
"images/Neutral/2,1.png","images/Emotion/1,3.png",1,172,412,172,,,2018_Jan_16_1203,60.0376747036,NonCon,001,i,
"images/Neutral/1,1.png","images/Emotion/4,3.png",1,173,413,173,,,2018_Jan_16_1203,60.0376747036,NonCon,001,i,
"images/Neutral/4,1.png","images/Emotion/3,3.png",1,174,414,174,,,2018_Jan_16_1203,60.0376747036,NonCon,001,i,
"images/Neutral/3,1.png","images/Emotion/2,3.png",1,175,415,175,,,2018_Jan_16_1203,60.0376747036,NonCon,001,i,
"images/Neutral/5,1.png","images/Emotion/8,5.png",1,176,416,176,,,2018_Jan_16_1203,60.0376747036,NonCon,001,i,
"images/Neutral/8,1.png","images/Emotion/7,5.png",1,177,417,177,,,2018_Jan_16_1203,60.0376747036,NonCon,001,i,
"images/Neutral/4,1.png","images/Emotion/3,5.png",1,178,418,178,,,2018_Jan_16_1203,60.0376747036,NonCon,001,i,
"images/Neutral/2,1.png","images/Emotion/1,5.png",1,179,419,179,,,2018_Jan_16_1203,60.0376747036,NonCon,001,i,
"images/Neutral/6,1.png","images/Emotion/5,5.png",1,180,420,180,,,2018_Jan_16_1203,60.0376747036,NonCon,001,i,
"images/Neutral/7,1.png","images/Emotion/6,5.png",1,181,421,181,,,2018_Jan_16_1203,60.0376747036,NonCon,001,i,
"images/Neutral/3,1.png","images/Emotion/2,5.png",1,182,422,182,,,2018_Jan_16_1203,60.0376747036,NonCon,001,i,
"images/Neutral/1,1.png","images/Emotion/4,5.png",1,183,423,183,,,2018_Jan_16_1203,60.0376747036,NonCon,001,i,
"images/Neutral/7,1.png","images/Emotion/6,3.png",1,184,424,184,,,2018_Jan_16_1203,60.0376747036,NonCon,001,i,
"images/Neutral/5,1.png","images/Emotion/8,3.png",1,185,425,185,,,2018_Jan_16_1203,60.0376747036,NonCon,001,i,
"images/Neutral/8,1.png","images/Emotion/7,3.png",1,186,426,186,,,2018_Jan_16_1203,60.0376747036,NonCon,001,i,
"images/Neutral/6,1.png","images/Emotion/5,3.png",1,187,427,187,,,2018_Jan_16_1203,60.0376747036,NonCon,001,i,
"images/Neutral/2,1.png","images/Emotion/1,3.png",1,188,428,188,,,2018_Jan_16_1203,60.0376747036,NonCon,001,i,
"images/Neutral/1,1.png","images/Emotion/4,3.png",1,189,429,189,,,2018_Jan_16_1203,60.0376747036,NonCon,001,i,
"images/Neutral/4,1.png","images/Emotion/3,3.png",1,190,430,190,,,2018_Jan_16_1203,60.0376747036,NonCon,001,i,
"images/Neutral/3,1.png","images/Emotion/2,3.png",1,191,431,191,,,2018_Jan_16_1203,60.0376747036,NonCon,001,i,
"images/Neutral/2,1.png","images/Emotion/1,4.png",1,192,432,192,,,2018_Jan_16_1203,60.0376747036,NonCon,001,i,
"images/Neutral/6,1.png","images/Emotion/5,4.png",1,193,433,193,,,2018_Jan_16_1203,60.0376747036,NonCon,001,i,
"images/Neutral/4,1.png","images/Emotion/3,4.png",1,194,434,194,,,2018_Jan_16_1203,60.0376747036,NonCon,001,i,
"images/Neutral/7,1.png","images/Emotion/6,4.png",1,195,435,195,,,2018_Jan_16_1203,60.0376747036,NonCon,001,i,
"images/Neutral/5,1.png","images/Emotion/8,4.png",1,196,436,196,,,2018_Jan_16_1203,60.0376747036,NonCon,001,i,
"images/Neutral/8,1.png","images/Emotion/7,4.png",1,197,437,197,,,2018_Jan_16_1203,60.0376747036,NonCon,001,i,
"images/Neutral/3,1.png","images/Emotion/2,4.png",1,198,438,198,,,2018_Jan_16_1203,60.0376747036,NonCon,001,i,
"images/Neutral/1,1.png","images/Emotion/4,4.png",1,199,439,199,,,2018_Jan_16_1203,60.0376747036,NonCon,001,i,
"images/Neutral/5,1.png","images/Emotion/8,5.png",1,200,440,200,,,2018_Jan_16_1203,60.0376747036,NonCon,001,i,
"images/Neutral/8,1.png","images/Emotion/7,5.png",1,201,441,201,,,2018_Jan_16_1203,60.0376747036,NonCon,001,i,
"images/Neutral/4,1.png","images/Emotion/3,5.png",1,202,442,202,,,2018_Jan_16_1203,60.0376747036,NonCon,001,i,
"images/Neutral/2,1.png","images/Emotion/1,5.png",1,203,443,203,,,2018_Jan_16_1203,60.0376747036,NonCon,001,i,
"images/Neutral/6,1.png","images/Emotion/5,5.png",1,204,444,204,,,2018_Jan_16_1203,60.0376747036,NonCon,001,i,
"images/Neutral/7,1.png","images/Emotion/6,5.png",1,205,445,205,,,2018_Jan_16_1203,60.0376747036,NonCon,001,i,
"images/Neutral/3,1.png","images/Emotion/2,5.png",1,206,446,206,,,2018_Jan_16_1203,60.0376747036,NonCon,001,i,
"images/Neutral/1,1.png","images/Emotion/4,5.png",1,207,447,207,,,2018_Jan_16_1203,60.0376747036,NonCon,001,i,
"images/Neutral/2,1.png","images/Emotion/1,4.png",1,208,448,208,,,2018_Jan_16_1203,60.0376747036,NonCon,001,i,
"images/Neutral/6,1.png","images/Emotion/5,4.png",1,209,449,209,,,2018_Jan_16_1203,60.0376747036,NonCon,001,i,
"images/Neutral/4,1.png","images/Emotion/3,4.png",1,210,450,210,,,2018_Jan_16_1203,60.0376747036,NonCon,001,i,
"images/Neutral/7,1.png","images/Emotion/6,4.png",1,211,451,211,,,2018_Jan_16_1203,60.0376747036,NonCon,001,i,
"images/Neutral/5,1.png","images/Emotion/8,4.png",1,212,452,212,,,2018_Jan_16_1203,60.0376747036,NonCon,001,i,
"images/Neutral/8,1.png","images/Emotion/7,4.png",1,213,453,213,,,2018_Jan_16_1203,60.0376747036,NonCon,001,i,
"images/Neutral/3,1.png","images/Emotion/2,4.png",1,214,454,214,,,2018_Jan_16_1203,60.0376747036,NonCon,001,i,
"images/Neutral/1,1.png","images/Emotion/4,4.png",1,215,455,215,,,2018_Jan_16_1203,60.0376747036,NonCon,001,i,
"images/Neutral/3,1.png","images/Emotion/2,2.png",1,216,456,216,,,2018_Jan_16_1203,60.0376747036,NonCon,001,i,
"images/Neutral/5,1.png","images/Emotion/8,2.png",1,217,457,217,,,2018_Jan_16_1203,60.0376747036,NonCon,001,i,
"images/Neutral/8,1.png","images/Emotion/7,2.png",1,218,458,218,,,2018_Jan_16_1203,60.0376747036,NonCon,001,i,
"images/Neutral/4,1.png","images/Emotion/3,2.png",1,219,459,219,,,2018_Jan_16_1203,60.0376747036,NonCon,001,i,
"images/Neutral/1,1.png","images/Emotion/4,2.png",1,220,460,220,,,2018_Jan_16_1203,60.0376747036,NonCon,001,i,
"images/Neutral/2,1.png","images/Emotion/1,2.png",1,221,461,221,,,2018_Jan_16_1203,60.0376747036,NonCon,001,i,
"images/Neutral/7,1.png","images/Emotion/6,2.png",1,222,462,222,,,2018_Jan_16_1203,60.0376747036,NonCon,001,i,
"images/Neutral/6,1.png","images/Emotion/5,2.png",1,223,463,223,,,2018_Jan_16_1203,60.0376747036,NonCon,001,i,
"images/Neutral/5,1.png","images/Emotion/8,5.png",1,224,464,224,,,2018_Jan_16_1203,60.0376747036,NonCon,001,i,
"images/Neutral/8,1.png","images/Emotion/7,5.png",1,225,465,225,,,2018_Jan_16_1203,60.0376747036,NonCon,001,i,
"images/Neutral/4,1.png","images/Emotion/3,5.png",1,226,466,226,,,2018_Jan_16_1203,60.0376747036,NonCon,001,i,
"images/Neutral/2,1.png","images/Emotion/1,5.png",1,227,467,227,,,2018_Jan_16_1203,60.0376747036,NonCon,001,i,
"images/Neutral/6,1.png","images/Emotion/5,5.png",1,228,468,228,,,2018_Jan_16_1203,60.0376747036,NonCon,001,i,
"images/Neutral/7,1.png","images/Emotion/6,5.png",1,229,469,229,,,2018_Jan_16_1203,60.0376747036,NonCon,001,i,
"images/Neutral/3,1.png","images/Emotion/2,5.png",1,230,470,230,,,2018_Jan_16_1203,60.0376747036,NonCon,001,i,
"images/Neutral/1,1.png","images/Emotion/4,5.png",1,231,471,231,,,2018_Jan_16_1203,60.0376747036,NonCon,001,i,
"images/Neutral/7,1.png","images/Emotion/6,6.png",1,232,472,232,,,2018_Jan_16_1203,60.0376747036,NonCon,001,i,
"images/Neutral/1,1.png","images/Emotion/4,6.png",1,233,473,233,,,2018_Jan_16_1203,60.0376747036,NonCon,001,i,
"images/Neutral/8,1.png","images/Emotion/7,6.png",1,234,474,234,,,2018_Jan_16_1203,60.0376747036,NonCon,001,i,
"images/Neutral/4,1.png","images/Emotion/3,6.png",1,235,475,235,,,2018_Jan_16_1203,60.0376747036,NonCon,001,i,
"images/Neutral/5,1.png","images/Emotion/8,6.png",1,236,476,236,,,2018_Jan_16_1203,60.0376747036,NonCon,001,i,
"images/Neutral/3,1.png","images/Emotion/2,6.png",1,237,477,237,,,2018_Jan_16_1203,60.0376747036,NonCon,001,i,
"images/Neutral/2,1.png","images/Emotion/1,6.png",1,238,478,238,,,2018_Jan_16_1203,60.0376747036,NonCon,001,i,
"images/Neutral/6,1.png","images/Emotion/5,6.png",1,239,479,239,,,2018_Jan_16_1203,60.0376747036,NonCon,001,i,
"images/Neutral/2,1.png","images/Emotion/1,4.png",2,0,480,0,,,2018_Jan_16_1203,60.0376747036,NonCon,001,i,
"images/Neutral/6,1.png","images/Emotion/5,4.png",2,1,481,1,,,2018_Jan_16_1203,60.0376747036,NonCon,001,i,
"images/Neutral/4,1.png","images/Emotion/3,4.png",2,2,482,2,,,2018_Jan_16_1203,60.0376747036,NonCon,001,i,
"images/Neutral/7,1.png","images/Emotion/6,4.png",2,3,483,3,,,2018_Jan_16_1203,60.0376747036,NonCon,001,i,
"images/Neutral/5,1.png","images/Emotion/8,4.png",2,4,484,4,,,2018_Jan_16_1203,60.0376747036,NonCon,001,i,
"images/Neutral/8,1.png","images/Emotion/7,4.png",2,5,485,5,,,2018_Jan_16_1203,60.0376747036,NonCon,001,i,
"images/Neutral/3,1.png","images/Emotion/2,4.png",2,6,486,6,,,2018_Jan_16_1203,60.0376747036,NonCon,001,i,
"images/Neutral/1,1.png","images/Emotion/4,4.png",2,7,487,7,,,2018_Jan_16_1203,60.0376747036,NonCon,001,i,
"images/Neutral/3,1.png","images/Emotion/2,2.png",2,8,488,8,,,2018_Jan_16_1203,60.0376747036,NonCon,001,i,
"images/Neutral/5,1.png","images/Emotion/8,2.png",2,9,489,9,,,2018_Jan_16_1203,60.0376747036,NonCon,001,i,
"images/Neutral/8,1.png","images/Emotion/7,2.png",2,10,490,10,,,2018_Jan_16_1203,60.0376747036,NonCon,001,i,
"images/Neutral/4,1.png","images/Emotion/3,2.png",2,11,491,11,,,2018_Jan_16_1203,60.0376747036,NonCon,001,i,
"images/Neutral/1,1.png","images/Emotion/4,2.png",2,12,492,12,,,2018_Jan_16_1203,60.0376747036,NonCon,001,i,
"images/Neutral/2,1.png","images/Emotion/1,2.png",2,13,493,13,,,2018_Jan_16_1203,60.0376747036,NonCon,001,i,
"images/Neutral/7,1.png","images/Emotion/6,2.png",2,14,494,14,,,2018_Jan_16_1203,60.0376747036,NonCon,001,i,
"images/Neutral/6,1.png","images/Emotion/5,2.png",2,15,495,15,,,2018_Jan_16_1203,60.0376747036,NonCon,001,i,
"images/Neutral/2,1.png","images/Emotion/1,1.png",2,16,496,16,,,2018_Jan_16_1203,60.0376747036,NonCon,001,i,
"images/Neutral/8,1.png","images/Emotion/7,1.png",2,17,497,17,,,2018_Jan_16_1203,60.0376747036,NonCon,001,i,
"images/Neutral/7,1.png","images/Emotion/6,1.png",2,18,498,18,,,2018_Jan_16_1203,60.0376747036,NonCon,001,i,
"images/Neutral/3,1.png","images/Emotion/2,1.png",2,19,499,19,,,2018_Jan_16_1203,60.0376747036,NonCon,001,i,
"images/Neutral/1,1.png","images/Emotion/4,1.png",2,20,500,20,,,2018_Jan_16_1203,60.0376747036,NonCon,001,i,
"images/Neutral/6,1.png","images/Emotion/5,1.png",2,21,501,21,,,2018_Jan_16_1203,60.0376747036,NonCon,001,i,
"images/Neutral/5,1.png","images/Emotion/8,1.png",2,22,502,22,,,2018_Jan_16_1203,60.0376747036,NonCon,001,i,
"images/Neutral/4,1.png","images/Emotion/3,1.png",2,23,503,23,,,2018_Jan_16_1203,60.0376747036,NonCon,001,i,
"images/Neutral/7,1.png","images/Emotion/6,3.png",2,24,504,24,,,2018_Jan_16_1203,60.0376747036,NonCon,001,i,
"images/Neutral/5,1.png","images/Emotion/8,3.png",2,25,505,25,,,2018_Jan_16_1203,60.0376747036,NonCon,001,i,
"images/Neutral/8,1.png","images/Emotion/7,3.png",2,26,506,26,,,2018_Jan_16_1203,60.0376747036,NonCon,001,i,
"images/Neutral/6,1.png","images/Emotion/5,3.png",2,27,507,27,,,2018_Jan_16_1203,60.0376747036,NonCon,001,i,
"images/Neutral/2,1.png","images/Emotion/1,3.png",2,28,508,28,,,2018_Jan_16_1203,60.0376747036,NonCon,001,i,
"images/Neutral/1,1.png","images/Emotion/4,3.png",2,29,509,29,,,2018_Jan_16_1203,60.0376747036,NonCon,001,i,
"images/Neutral/4,1.png","images/Emotion/3,3.png",2,30,510,30,,,2018_Jan_16_1203,60.0376747036,NonCon,001,i,
"images/Neutral/3,1.png","images/Emotion/2,3.png",2,31,511,31,,,2018_Jan_16_1203,60.0376747036,NonCon,001,i,
"images/Neutral/2,1.png","images/Emotion/1,4.png",2,32,512,32,,,2018_Jan_16_1203,60.0376747036,NonCon,001,i,
"images/Neutral/6,1.png","images/Emotion/5,4.png",2,33,513,33,,,2018_Jan_16_1203,60.0376747036,NonCon,001,i,
"images/Neutral/4,1.png","images/Emotion/3,4.png",2,34,514,34,,,2018_Jan_16_1203,60.0376747036,NonCon,001,i,
"images/Neutral/7,1.png","images/Emotion/6,4.png",2,35,515,35,,,2018_Jan_16_1203,60.0376747036,NonCon,001,i,
"images/Neutral/5,1.png","images/Emotion/8,4.png",2,36,516,36,,,2018_Jan_16_1203,60.0376747036,NonCon,001,i,
"images/Neutral/8,1.png","images/Emotion/7,4.png",2,37,517,37,,,2018_Jan_16_1203,60.0376747036,NonCon,001,i,
"images/Neutral/3,1.png","images/Emotion/2,4.png",2,38,518,38,,,2018_Jan_16_1203,60.0376747036,NonCon,001,i,
"images/Neutral/1,1.png","images/Emotion/4,4.png",2,39,519,39,,,2018_Jan_16_1203,60.0376747036,NonCon,001,i,
"images/Neutral/7,1.png","images/Emotion/6,6.png",2,40,520,40,,,2018_Jan_16_1203,60.0376747036,NonCon,001,i,
"images/Neutral/1,1.png","images/Emotion/4,6.png",2,41,521,41,,,2018_Jan_16_1203,60.0376747036,NonCon,001,i,
"images/Neutral/8,1.png","images/Emotion/7,6.png",2,42,522,42,,,2018_Jan_16_1203,60.0376747036,NonCon,001,i,
"images/Neutral/4,1.png","images/Emotion/3,6.png",2,43,523,43,,,2018_Jan_16_1203,60.0376747036,NonCon,001,i,
"images/Neutral/5,1.png","images/Emotion/8,6.png",2,44,524,44,,,2018_Jan_16_1203,60.0376747036,NonCon,001,i,
"images/Neutral/3,1.png","images/Emotion/2,6.png",2,45,525,45,,,2018_Jan_16_1203,60.0376747036,NonCon,001,i,
"images/Neutral/2,1.png","images/Emotion/1,6.png",2,46,526,46,,,2018_Jan_16_1203,60.0376747036,NonCon,001,i,
"images/Neutral/6,1.png","images/Emotion/5,6.png",2,47,527,47,,,2018_Jan_16_1203,60.0376747036,NonCon,001,i,
"images/Neutral/2,1.png","images/Emotion/1,1.png",2,48,528,48,,,2018_Jan_16_1203,60.0376747036,NonCon,001,i,
"images/Neutral/8,1.png","images/Emotion/7,1.png",2,49,529,49,,,2018_Jan_16_1203,60.0376747036,NonCon,001,i,
"images/Neutral/7,1.png","images/Emotion/6,1.png",2,50,530,50,,,2018_Jan_16_1203,60.0376747036,NonCon,001,i,
"images/Neutral/3,1.png","images/Emotion/2,1.png",2,51,531,51,,,2018_Jan_16_1203,60.0376747036,NonCon,001,i,
"images/Neutral/1,1.png","images/Emotion/4,1.png",2,52,532,52,,,2018_Jan_16_1203,60.0376747036,NonCon,001,i,
"images/Neutral/6,1.png","images/Emotion/5,1.png",2,53,533,53,,,2018_Jan_16_1203,60.0376747036,NonCon,001,i,
"images/Neutral/5,1.png","images/Emotion/8,1.png",2,54,534,54,,,2018_Jan_16_1203,60.0376747036,NonCon,001,i,
"images/Neutral/4,1.png","images/Emotion/3,1.png",2,55,535,55,,,2018_Jan_16_1203,60.0376747036,NonCon,001,i,
"images/Neutral/7,1.png","images/Emotion/6,6.png",2,56,536,56,,,2018_Jan_16_1203,60.0376747036,NonCon,001,i,
"images/Neutral/1,1.png","images/Emotion/4,6.png",2,57,537,57,,,2018_Jan_16_1203,60.0376747036,NonCon,001,i,
"images/Neutral/8,1.png","images/Emotion/7,6.png",2,58,538,58,,,2018_Jan_16_1203,60.0376747036,NonCon,001,i,
"images/Neutral/4,1.png","images/Emotion/3,6.png",2,59,539,59,,,2018_Jan_16_1203,60.0376747036,NonCon,001,i,
"images/Neutral/5,1.png","images/Emotion/8,6.png",2,60,540,60,,,2018_Jan_16_1203,60.0376747036,NonCon,001,i,
"images/Neutral/3,1.png","images/Emotion/2,6.png",2,61,541,61,,,2018_Jan_16_1203,60.0376747036,NonCon,001,i,
"images/Neutral/2,1.png","images/Emotion/1,6.png",2,62,542,62,,,2018_Jan_16_1203,60.0376747036,NonCon,001,i,
"images/Neutral/6,1.png","images/Emotion/5,6.png",2,63,543,63,,,2018_Jan_16_1203,60.0376747036,NonCon,001,i,
"images/Neutral/3,1.png","images/Emotion/2,2.png",2,64,544,64,,,2018_Jan_16_1203,60.0376747036,NonCon,001,i,
"images/Neutral/5,1.png","images/Emotion/8,2.png",2,65,545,65,,,2018_Jan_16_1203,60.0376747036,NonCon,001,i,
"images/Neutral/8,1.png","images/Emotion/7,2.png",2,66,546,66,,,2018_Jan_16_1203,60.0376747036,NonCon,001,i,
"images/Neutral/4,1.png","images/Emotion/3,2.png",2,67,547,67,,,2018_Jan_16_1203,60.0376747036,NonCon,001,i,
"images/Neutral/1,1.png","images/Emotion/4,2.png",2,68,548,68,,,2018_Jan_16_1203,60.0376747036,NonCon,001,i,
"images/Neutral/2,1.png","images/Emotion/1,2.png",2,69,549,69,,,2018_Jan_16_1203,60.0376747036,NonCon,001,i,
"images/Neutral/7,1.png","images/Emotion/6,2.png",2,70,550,70,,,2018_Jan_16_1203,60.0376747036,NonCon,001,i,
"images/Neutral/6,1.png","images/Emotion/5,2.png",2,71,551,71,,,2018_Jan_16_1203,60.0376747036,NonCon,001,i,
"images/Neutral/2,1.png","images/Emotion/1,4.png",2,72,552,72,,,2018_Jan_16_1203,60.0376747036,NonCon,001,i,
"images/Neutral/6,1.png","images/Emotion/5,4.png",2,73,553,73,,,2018_Jan_16_1203,60.0376747036,NonCon,001,i,
"images/Neutral/4,1.png","images/Emotion/3,4.png",2,74,554,74,,,2018_Jan_16_1203,60.0376747036,NonCon,001,i,
"images/Neutral/7,1.png","images/Emotion/6,4.png",2,75,555,75,,,2018_Jan_16_1203,60.0376747036,NonCon,001,i,
"images/Neutral/5,1.png","images/Emotion/8,4.png",2,76,556,76,,,2018_Jan_16_1203,60.0376747036,NonCon,001,i,
"images/Neutral/8,1.png","images/Emotion/7,4.png",2,77,557,77,,,2018_Jan_16_1203,60.0376747036,NonCon,001,i,
"images/Neutral/3,1.png","images/Emotion/2,4.png",2,78,558,78,,,2018_Jan_16_1203,60.0376747036,NonCon,001,i,
"images/Neutral/1,1.png","images/Emotion/4,4.png",2,79,559,79,,,2018_Jan_16_1203,60.0376747036,NonCon,001,i,
"images/Neutral/3,1.png","images/Emotion/2,2.png",2,80,560,80,,,2018_Jan_16_1203,60.0376747036,NonCon,001,i,
"images/Neutral/5,1.png","images/Emotion/8,2.png",2,81,561,81,,,2018_Jan_16_1203,60.0376747036,NonCon,001,i,
"images/Neutral/8,1.png","images/Emotion/7,2.png",2,82,562,82,,,2018_Jan_16_1203,60.0376747036,NonCon,001,i,
"images/Neutral/4,1.png","images/Emotion/3,2.png",2,83,563,83,,,2018_Jan_16_1203,60.0376747036,NonCon,001,i,
"images/Neutral/1,1.png","images/Emotion/4,2.png",2,84,564,84,,,2018_Jan_16_1203,60.0376747036,NonCon,001,i,
"images/Neutral/2,1.png","images/Emotion/1,2.png",2,85,565,85,,,2018_Jan_16_1203,60.0376747036,NonCon,001,i,
"images/Neutral/7,1.png","images/Emotion/6,2.png",2,86,566,86,,,2018_Jan_16_1203,60.0376747036,NonCon,001,i,
"images/Neutral/6,1.png","images/Emotion/5,2.png",2,87,567,87,,,2018_Jan_16_1203,60.0376747036,NonCon,001,i,
"images/Neutral/5,1.png","images/Emotion/8,5.png",2,88,568,88,,,2018_Jan_16_1203,60.0376747036,NonCon,001,i,
"images/Neutral/8,1.png","images/Emotion/7,5.png",2,89,569,89,,,2018_Jan_16_1203,60.0376747036,NonCon,001,i,
"images/Neutral/4,1.png","images/Emotion/3,5.png",2,90,570,90,,,2018_Jan_16_1203,60.0376747036,NonCon,001,i,
"images/Neutral/2,1.png","images/Emotion/1,5.png",2,91,571,91,,,2018_Jan_16_1203,60.0376747036,NonCon,001,i,
"images/Neutral/6,1.png","images/Emotion/5,5.png",2,92,572,92,,,2018_Jan_16_1203,60.0376747036,NonCon,001,i,
"images/Neutral/7,1.png","images/Emotion/6,5.png",2,93,573,93,,,2018_Jan_16_1203,60.0376747036,NonCon,001,i,
"images/Neutral/3,1.png","images/Emotion/2,5.png",2,94,574,94,,,2018_Jan_16_1203,60.0376747036,NonCon,001,i,
"images/Neutral/1,1.png","images/Emotion/4,5.png",2,95,575,95,,,2018_Jan_16_1203,60.0376747036,NonCon,001,i,
"images/Neutral/7,1.png","images/Emotion/6,3.png",2,96,576,96,,,2018_Jan_16_1203,60.0376747036,NonCon,001,i,
"images/Neutral/5,1.png","images/Emotion/8,3.png",2,97,577,97,,,2018_Jan_16_1203,60.0376747036,NonCon,001,i,
"images/Neutral/8,1.png","images/Emotion/7,3.png",2,98,578,98,,,2018_Jan_16_1203,60.0376747036,NonCon,001,i,
"images/Neutral/6,1.png","images/Emotion/5,3.png",2,99,579,99,,,2018_Jan_16_1203,60.0376747036,NonCon,001,i,
"images/Neutral/2,1.png","images/Emotion/1,3.png",2,100,580,100,,,2018_Jan_16_1203,60.0376747036,NonCon,001,i,
"images/Neutral/1,1.png","images/Emotion/4,3.png",2,101,581,101,,,2018_Jan_16_1203,60.0376747036,NonCon,001,i,
"images/Neutral/4,1.png","images/Emotion/3,3.png",2,102,582,102,,,2018_Jan_16_1203,60.0376747036,NonCon,001,i,
"images/Neutral/3,1.png","images/Emotion/2,3.png",2,103,583,103,,,2018_Jan_16_1203,60.0376747036,NonCon,001,i,
"images/Neutral/7,1.png","images/Emotion/6,6.png",2,104,584,104,,,2018_Jan_16_1203,60.0376747036,NonCon,001,i,
"images/Neutral/1,1.png","images/Emotion/4,6.png",2,105,585,105,,,2018_Jan_16_1203,60.0376747036,NonCon,001,i,
"images/Neutral/8,1.png","images/Emotion/7,6.png",2,106,586,106,,,2018_Jan_16_1203,60.0376747036,NonCon,001,i,
"images/Neutral/4,1.png","images/Emotion/3,6.png",2,107,587,107,,,2018_Jan_16_1203,60.0376747036,NonCon,001,i,
"images/Neutral/5,1.png","images/Emotion/8,6.png",2,108,588,108,,,2018_Jan_16_1203,60.0376747036,NonCon,001,i,
"images/Neutral/3,1.png","images/Emotion/2,6.png",2,109,589,109,,,2018_Jan_16_1203,60.0376747036,NonCon,001,i,
"images/Neutral/2,1.png","images/Emotion/1,6.png",2,110,590,110,,,2018_Jan_16_1203,60.0376747036,NonCon,001,i,
"images/Neutral/6,1.png","images/Emotion/5,6.png",2,111,591,111,,,2018_Jan_16_1203,60.0376747036,NonCon,001,i,
"images/Neutral/7,1.png","images/Emotion/6,3.png",2,112,592,112,,,2018_Jan_16_1203,60.0376747036,NonCon,001,i,
"images/Neutral/5,1.png","images/Emotion/8,3.png",2,113,593,113,,,2018_Jan_16_1203,60.0376747036,NonCon,001,i,
"images/Neutral/8,1.png","images/Emotion/7,3.png",2,114,594,114,,,2018_Jan_16_1203,60.0376747036,NonCon,001,i,
"images/Neutral/6,1.png","images/Emotion/5,3.png",2,115,595,115,,,2018_Jan_16_1203,60.0376747036,NonCon,001,i,
"images/Neutral/2,1.png","images/Emotion/1,3.png",2,116,596,116,,,2018_Jan_16_1203,60.0376747036,NonCon,001,i,
"images/Neutral/1,1.png","images/Emotion/4,3.png",2,117,597,117,,,2018_Jan_16_1203,60.0376747036,NonCon,001,i,
"images/Neutral/4,1.png","images/Emotion/3,3.png",2,118,598,118,,,2018_Jan_16_1203,60.0376747036,NonCon,001,i,
"images/Neutral/3,1.png","images/Emotion/2,3.png",2,119,599,119,,,2018_Jan_16_1203,60.0376747036,NonCon,001,i,
"images/Neutral/2,1.png","images/Emotion/1,1.png",2,120,600,120,,,2018_Jan_16_1203,60.0376747036,NonCon,001,i,
"images/Neutral/8,1.png","images/Emotion/7,1.png",2,121,601,121,,,2018_Jan_16_1203,60.0376747036,NonCon,001,i,
"images/Neutral/7,1.png","images/Emotion/6,1.png",2,122,602,122,,,2018_Jan_16_1203,60.0376747036,NonCon,001,i,
"images/Neutral/3,1.png","images/Emotion/2,1.png",2,123,603,123,,,2018_Jan_16_1203,60.0376747036,NonCon,001,i,
"images/Neutral/1,1.png","images/Emotion/4,1.png",2,124,604,124,,,2018_Jan_16_1203,60.0376747036,NonCon,001,i,
"images/Neutral/6,1.png","images/Emotion/5,1.png",2,125,605,125,,,2018_Jan_16_1203,60.0376747036,NonCon,001,i,
"images/Neutral/5,1.png","images/Emotion/8,1.png",2,126,606,126,,,2018_Jan_16_1203,60.0376747036,NonCon,001,i,
"images/Neutral/4,1.png","images/Emotion/3,1.png",2,127,607,127,,,2018_Jan_16_1203,60.0376747036,NonCon,001,i,
"images/Neutral/5,1.png","images/Emotion/8,5.png",2,128,608,128,,,2018_Jan_16_1203,60.0376747036,NonCon,001,i,
"images/Neutral/8,1.png","images/Emotion/7,5.png",2,129,609,129,,,2018_Jan_16_1203,60.0376747036,NonCon,001,i,
"images/Neutral/4,1.png","images/Emotion/3,5.png",2,130,610,130,,,2018_Jan_16_1203,60.0376747036,NonCon,001,i,
"images/Neutral/2,1.png","images/Emotion/1,5.png",2,131,611,131,,,2018_Jan_16_1203,60.0376747036,NonCon,001,i,
"images/Neutral/6,1.png","images/Emotion/5,5.png",2,132,612,132,,,2018_Jan_16_1203,60.0376747036,NonCon,001,i,
"images/Neutral/7,1.png","images/Emotion/6,5.png",2,133,613,133,,,2018_Jan_16_1203,60.0376747036,NonCon,001,i,
"images/Neutral/3,1.png","images/Emotion/2,5.png",2,134,614,134,,,2018_Jan_16_1203,60.0376747036,NonCon,001,i,
"images/Neutral/1,1.png","images/Emotion/4,5.png",2,135,615,135,,,2018_Jan_16_1203,60.0376747036,NonCon,001,i,
"images/Neutral/2,1.png","images/Emotion/1,1.png",2,136,616,136,,,2018_Jan_16_1203,60.0376747036,NonCon,001,i,
"images/Neutral/8,1.png","images/Emotion/7,1.png",2,137,617,137,,,2018_Jan_16_1203,60.0376747036,NonCon,001,i,
"images/Neutral/7,1.png","images/Emotion/6,1.png",2,138,618,138,,,2018_Jan_16_1203,60.0376747036,NonCon,001,i,
"images/Neutral/3,1.png","images/Emotion/2,1.png",2,139,619,139,,,2018_Jan_16_1203,60.0376747036,NonCon,001,i,
"images/Neutral/1,1.png","images/Emotion/4,1.png",2,140,620,140,,,2018_Jan_16_1203,60.0376747036,NonCon,001,i,
"images/Neutral/6,1.png","images/Emotion/5,1.png",2,141,621,141,,,2018_Jan_16_1203,60.0376747036,NonCon,001,i,
"images/Neutral/5,1.png","images/Emotion/8,1.png",2,142,622,142,,,2018_Jan_16_1203,60.0376747036,NonCon,001,i,
"images/Neutral/4,1.png","images/Emotion/3,1.png",2,143,623,143,,,2018_Jan_16_1203,60.0376747036,NonCon,001,i,
"images/Neutral/7,1.png","images/Emotion/6,6.png",2,144,624,144,,,2018_Jan_16_1203,60.0376747036,NonCon,001,i,
"images/Neutral/1,1.png","images/Emotion/4,6.png",2,145,625,145,,,2018_Jan_16_1203,60.0376747036,NonCon,001,i,
"images/Neutral/8,1.png","images/Emotion/7,6.png",2,146,626,146,,,2018_Jan_16_1203,60.0376747036,NonCon,001,i,
"images/Neutral/4,1.png","images/Emotion/3,6.png",2,147,627,147,,,2018_Jan_16_1203,60.0376747036,NonCon,001,i,
"images/Neutral/5,1.png","images/Emotion/8,6.png",2,148,628,148,,,2018_Jan_16_1203,60.0376747036,NonCon,001,i,
"images/Neutral/3,1.png","images/Emotion/2,6.png",2,149,629,149,,,2018_Jan_16_1203,60.0376747036,NonCon,001,i,
"images/Neutral/2,1.png","images/Emotion/1,6.png",2,150,630,150,,,2018_Jan_16_1203,60.0376747036,NonCon,001,i,
"images/Neutral/6,1.png","images/Emotion/5,6.png",2,151,631,151,,,2018_Jan_16_1203,60.0376747036,NonCon,001,i,
"images/Neutral/2,1.png","images/Emotion/1,1.png",2,152,632,152,,,2018_Jan_16_1203,60.0376747036,NonCon,001,i,
"images/Neutral/8,1.png","images/Emotion/7,1.png",2,153,633,153,,,2018_Jan_16_1203,60.0376747036,NonCon,001,i,
"images/Neutral/7,1.png","images/Emotion/6,1.png",2,154,634,154,,,2018_Jan_16_1203,60.0376747036,NonCon,001,i,
"images/Neutral/3,1.png","images/Emotion/2,1.png",2,155,635,155,,,2018_Jan_16_1203,60.0376747036,NonCon,001,i,
"images/Neutral/1,1.png","images/Emotion/4,1.png",2,156,636,156,,,2018_Jan_16_1203,60.0376747036,NonCon,001,i,
"images/Neutral/6,1.png","images/Emotion/5,1.png",2,157,637,157,,,2018_Jan_16_1203,60.0376747036,NonCon,001,i,
"images/Neutral/5,1.png","images/Emotion/8,1.png",2,158,638,158,,,2018_Jan_16_1203,60.0376747036,NonCon,001,i,
"images/Neutral/4,1.png","images/Emotion/3,1.png",2,159,639,159,,,2018_Jan_16_1203,60.0376747036,NonCon,001,i,
"images/Neutral/3,1.png","images/Emotion/2,2.png",2,160,640,160,,,2018_Jan_16_1203,60.0376747036,NonCon,001,i,
"images/Neutral/5,1.png","images/Emotion/8,2.png",2,161,641,161,,,2018_Jan_16_1203,60.0376747036,NonCon,001,i,
"images/Neutral/8,1.png","images/Emotion/7,2.png",2,162,642,162,,,2018_Jan_16_1203,60.0376747036,NonCon,001,i,
"images/Neutral/4,1.png","images/Emotion/3,2.png",2,163,643,163,,,2018_Jan_16_1203,60.0376747036,NonCon,001,i,
"images/Neutral/1,1.png","images/Emotion/4,2.png",2,164,644,164,,,2018_Jan_16_1203,60.0376747036,NonCon,001,i,
"images/Neutral/2,1.png","images/Emotion/1,2.png",2,165,645,165,,,2018_Jan_16_1203,60.0376747036,NonCon,001,i,
"images/Neutral/7,1.png","images/Emotion/6,2.png",2,166,646,166,,,2018_Jan_16_1203,60.0376747036,NonCon,001,i,
"images/Neutral/6,1.png","images/Emotion/5,2.png",2,167,647,167,,,2018_Jan_16_1203,60.0376747036,NonCon,001,i,
"images/Neutral/7,1.png","images/Emotion/6,3.png",2,168,648,168,,,2018_Jan_16_1203,60.0376747036,NonCon,001,i,
"images/Neutral/5,1.png","images/Emotion/8,3.png",2,169,649,169,,,2018_Jan_16_1203,60.0376747036,NonCon,001,i,
"images/Neutral/8,1.png","images/Emotion/7,3.png",2,170,650,170,,,2018_Jan_16_1203,60.0376747036,NonCon,001,i,
"images/Neutral/6,1.png","images/Emotion/5,3.png",2,171,651,171,,,2018_Jan_16_1203,60.0376747036,NonCon,001,i,
"images/Neutral/2,1.png","images/Emotion/1,3.png",2,172,652,172,,,2018_Jan_16_1203,60.0376747036,NonCon,001,i,
"images/Neutral/1,1.png","images/Emotion/4,3.png",2,173,653,173,,,2018_Jan_16_1203,60.0376747036,NonCon,001,i,
"images/Neutral/4,1.png","images/Emotion/3,3.png",2,174,654,174,,,2018_Jan_16_1203,60.0376747036,NonCon,001,i,
"images/Neutral/3,1.png","images/Emotion/2,3.png",2,175,655,175,,,2018_Jan_16_1203,60.0376747036,NonCon,001,i,
"images/Neutral/5,1.png","images/Emotion/8,5.png",2,176,656,176,,,2018_Jan_16_1203,60.0376747036,NonCon,001,i,
"images/Neutral/8,1.png","images/Emotion/7,5.png",2,177,657,177,,,2018_Jan_16_1203,60.0376747036,NonCon,001,i,
"images/Neutral/4,1.png","images/Emotion/3,5.png",2,178,658,178,,,2018_Jan_16_1203,60.0376747036,NonCon,001,i,
"images/Neutral/2,1.png","images/Emotion/1,5.png",2,179,659,179,,,2018_Jan_16_1203,60.0376747036,NonCon,001,i,
"images/Neutral/6,1.png","images/Emotion/5,5.png",2,180,660,180,,,2018_Jan_16_1203,60.0376747036,NonCon,001,i,
"images/Neutral/7,1.png","images/Emotion/6,5.png",2,181,661,181,,,2018_Jan_16_1203,60.0376747036,NonCon,001,i,
"images/Neutral/3,1.png","images/Emotion/2,5.png",2,182,662,182,,,2018_Jan_16_1203,60.0376747036,NonCon,001,i,
"images/Neutral/1,1.png","images/Emotion/4,5.png",2,183,663,183,,,2018_Jan_16_1203,60.0376747036,NonCon,001,i,
"images/Neutral/7,1.png","images/Emotion/6,3.png",2,184,664,184,,,2018_Jan_16_1203,60.0376747036,NonCon,001,i,
"images/Neutral/5,1.png","images/Emotion/8,3.png",2,185,665,185,,,2018_Jan_16_1203,60.0376747036,NonCon,001,i,
"images/Neutral/8,1.png","images/Emotion/7,3.png",2,186,666,186,,,2018_Jan_16_1203,60.0376747036,NonCon,001,i,
"images/Neutral/6,1.png","images/Emotion/5,3.png",2,187,667,187,,,2018_Jan_16_1203,60.0376747036,NonCon,001,i,
"images/Neutral/2,1.png","images/Emotion/1,3.png",2,188,668,188,,,2018_Jan_16_1203,60.0376747036,NonCon,001,i,
"images/Neutral/1,1.png","images/Emotion/4,3.png",2,189,669,189,,,2018_Jan_16_1203,60.0376747036,NonCon,001,i,
"images/Neutral/4,1.png","images/Emotion/3,3.png",2,190,670,190,,,2018_Jan_16_1203,60.0376747036,NonCon,001,i,
"images/Neutral/3,1.png","images/Emotion/2,3.png",2,191,671,191,,,2018_Jan_16_1203,60.0376747036,NonCon,001,i,
"images/Neutral/2,1.png","images/Emotion/1,4.png",2,192,672,192,,,2018_Jan_16_1203,60.0376747036,NonCon,001,i,
"images/Neutral/6,1.png","images/Emotion/5,4.png",2,193,673,193,,,2018_Jan_16_1203,60.0376747036,NonCon,001,i,
"images/Neutral/4,1.png","images/Emotion/3,4.png",2,194,674,194,,,2018_Jan_16_1203,60.0376747036,NonCon,001,i,
"images/Neutral/7,1.png","images/Emotion/6,4.png",2,195,675,195,,,2018_Jan_16_1203,60.0376747036,NonCon,001,i,
"images/Neutral/5,1.png","images/Emotion/8,4.png",2,196,676,196,,,2018_Jan_16_1203,60.0376747036,NonCon,001,i,
"images/Neutral/8,1.png","images/Emotion/7,4.png",2,197,677,197,,,2018_Jan_16_1203,60.0376747036,NonCon,001,i,
"images/Neutral/3,1.png","images/Emotion/2,4.png",2,198,678,198,,,2018_Jan_16_1203,60.0376747036,NonCon,001,i,
"images/Neutral/1,1.png","images/Emotion/4,4.png",2,199,679,199,,,2018_Jan_16_1203,60.0376747036,NonCon,001,i,
"images/Neutral/5,1.png","images/Emotion/8,5.png",2,200,680,200,,,2018_Jan_16_1203,60.0376747036,NonCon,001,i,
"images/Neutral/8,1.png","images/Emotion/7,5.png",2,201,681,201,,,2018_Jan_16_1203,60.0376747036,NonCon,001,i,
"images/Neutral/4,1.png","images/Emotion/3,5.png",2,202,682,202,,,2018_Jan_16_1203,60.0376747036,NonCon,001,i,
"images/Neutral/2,1.png","images/Emotion/1,5.png",2,203,683,203,,,2018_Jan_16_1203,60.0376747036,NonCon,001,i,
"images/Neutral/6,1.png","images/Emotion/5,5.png",2,204,684,204,,,2018_Jan_16_1203,60.0376747036,NonCon,001,i,
"images/Neutral/7,1.png","images/Emotion/6,5.png",2,205,685,205,,,2018_Jan_16_1203,60.0376747036,NonCon,001,i,
"images/Neutral/3,1.png","images/Emotion/2,5.png",2,206,686,206,,,2018_Jan_16_1203,60.0376747036,NonCon,001,i,
"images/Neutral/1,1.png","images/Emotion/4,5.png",2,207,687,207,,,2018_Jan_16_1203,60.0376747036,NonCon,001,i,
"images/Neutral/2,1.png","images/Emotion/1,4.png",2,208,688,208,,,2018_Jan_16_1203,60.0376747036,NonCon,001,i,
"images/Neutral/6,1.png","images/Emotion/5,4.png",2,209,689,209,,,2018_Jan_16_1203,60.0376747036,NonCon,001,i,
"images/Neutral/4,1.png","images/Emotion/3,4.png",2,210,690,210,,,2018_Jan_16_1203,60.0376747036,NonCon,001,i,
"images/Neutral/7,1.png","images/Emotion/6,4.png",2,211,691,211,,,2018_Jan_16_1203,60.0376747036,NonCon,001,i,
"images/Neutral/5,1.png","images/Emotion/8,4.png",2,212,692,212,,,2018_Jan_16_1203,60.0376747036,NonCon,001,i,
"images/Neutral/8,1.png","images/Emotion/7,4.png",2,213,693,213,,,2018_Jan_16_1203,60.0376747036,NonCon,001,i,
"images/Neutral/3,1.png","images/Emotion/2,4.png",2,214,694,214,,,2018_Jan_16_1203,60.0376747036,NonCon,001,i,
"images/Neutral/1,1.png","images/Emotion/4,4.png",2,215,695,215,,,2018_Jan_16_1203,60.0376747036,NonCon,001,i,
"images/Neutral/3,1.png","images/Emotion/2,2.png",2,216,696,216,,,2018_Jan_16_1203,60.0376747036,NonCon,001,i,
"images/Neutral/5,1.png","images/Emotion/8,2.png",2,217,697,217,,,2018_Jan_16_1203,60.0376747036,NonCon,001,i,
"images/Neutral/8,1.png","images/Emotion/7,2.png",2,218,698,218,,,2018_Jan_16_1203,60.0376747036,NonCon,001,i,
"images/Neutral/4,1.png","images/Emotion/3,2.png",2,219,699,219,,,2018_Jan_16_1203,60.0376747036,NonCon,001,i,
"images/Neutral/1,1.png","images/Emotion/4,2.png",2,220,700,220,,,2018_Jan_16_1203,60.0376747036,NonCon,001,i,
"images/Neutral/2,1.png","images/Emotion/1,2.png",2,221,701,221,,,2018_Jan_16_1203,60.0376747036,NonCon,001,i,
"images/Neutral/7,1.png","images/Emotion/6,2.png",2,222,702,222,,,2018_Jan_16_1203,60.0376747036,NonCon,001,i,
"images/Neutral/6,1.png","images/Emotion/5,2.png",2,223,703,223,,,2018_Jan_16_1203,60.0376747036,NonCon,001,i,
"images/Neutral/5,1.png","images/Emotion/8,5.png",2,224,704,224,,,2018_Jan_16_1203,60.0376747036,NonCon,001,i,
"images/Neutral/8,1.png","images/Emotion/7,5.png",2,225,705,225,,,2018_Jan_16_1203,60.0376747036,NonCon,001,i,
"images/Neutral/4,1.png","images/Emotion/3,5.png",2,226,706,226,,,2018_Jan_16_1203,60.0376747036,NonCon,001,i,
"images/Neutral/2,1.png","images/Emotion/1,5.png",2,227,707,227,,,2018_Jan_16_1203,60.0376747036,NonCon,001,i,
"images/Neutral/6,1.png","images/Emotion/5,5.png",2,228,708,228,,,2018_Jan_16_1203,60.0376747036,NonCon,001,i,
"images/Neutral/7,1.png","images/Emotion/6,5.png",2,229,709,229,,,2018_Jan_16_1203,60.0376747036,NonCon,001,i,
"images/Neutral/3,1.png","images/Emotion/2,5.png",2,230,710,230,,,2018_Jan_16_1203,60.0376747036,NonCon,001,i,
"images/Neutral/1,1.png","images/Emotion/4,5.png",2,231,711,231,,,2018_Jan_16_1203,60.0376747036,NonCon,001,i,
"images/Neutral/7,1.png","images/Emotion/6,6.png",2,232,712,232,,,2018_Jan_16_1203,60.0376747036,NonCon,001,i,
"images/Neutral/1,1.png","images/Emotion/4,6.png",2,233,713,233,,,2018_Jan_16_1203,60.0376747036,NonCon,001,i,
"images/Neutral/8,1.png","images/Emotion/7,6.png",2,234,714,234,,,2018_Jan_16_1203,60.0376747036,NonCon,001,i,
"images/Neutral/4,1.png","images/Emotion/3,6.png",2,235,715,235,,,2018_Jan_16_1203,60.0376747036,NonCon,001,i,
"images/Neutral/5,1.png","images/Emotion/8,6.png",2,236,716,236,,,2018_Jan_16_1203,60.0376747036,NonCon,001,i,
"images/Neutral/3,1.png","images/Emotion/2,6.png",2,237,717,237,,,2018_Jan_16_1203,60.0376747036,NonCon,001,i,
"images/Neutral/2,1.png","images/Emotion/1,6.png",2,238,718,238,,,2018_Jan_16_1203,60.0376747036,NonCon,001,i,
"images/Neutral/6,1.png","images/Emotion/5,6.png",2,239,719,239,,,2018_Jan_16_1203,60.0376747036,NonCon,001,i,
"images/Neutral/2,1.png","images/Emotion/1,4.png",3,0,720,0,,,2018_Jan_16_1203,60.0376747036,NonCon,001,i,
"images/Neutral/6,1.png","images/Emotion/5,4.png",3,1,721,1,,,2018_Jan_16_1203,60.0376747036,NonCon,001,i,
"images/Neutral/4,1.png","images/Emotion/3,4.png",3,2,722,2,,,2018_Jan_16_1203,60.0376747036,NonCon,001,i,
"images/Neutral/7,1.png","images/Emotion/6,4.png",3,3,723,3,,,2018_Jan_16_1203,60.0376747036,NonCon,001,i,
"images/Neutral/5,1.png","images/Emotion/8,4.png",3,4,724,4,,,2018_Jan_16_1203,60.0376747036,NonCon,001,i,
"images/Neutral/8,1.png","images/Emotion/7,4.png",3,5,725,5,,,2018_Jan_16_1203,60.0376747036,NonCon,001,i,
"images/Neutral/3,1.png","images/Emotion/2,4.png",3,6,726,6,,,2018_Jan_16_1203,60.0376747036,NonCon,001,i,
"images/Neutral/1,1.png","images/Emotion/4,4.png",3,7,727,7,,,2018_Jan_16_1203,60.0376747036,NonCon,001,i,
"images/Neutral/3,1.png","images/Emotion/2,2.png",3,8,728,8,,,2018_Jan_16_1203,60.0376747036,NonCon,001,i,
"images/Neutral/5,1.png","images/Emotion/8,2.png",3,9,729,9,,,2018_Jan_16_1203,60.0376747036,NonCon,001,i,
"images/Neutral/8,1.png","images/Emotion/7,2.png",3,10,730,10,,,2018_Jan_16_1203,60.0376747036,NonCon,001,i,
"images/Neutral/4,1.png","images/Emotion/3,2.png",3,11,731,11,,,2018_Jan_16_1203,60.0376747036,NonCon,001,i,
"images/Neutral/1,1.png","images/Emotion/4,2.png",3,12,732,12,,,2018_Jan_16_1203,60.0376747036,NonCon,001,i,
"images/Neutral/2,1.png","images/Emotion/1,2.png",3,13,733,13,,,2018_Jan_16_1203,60.0376747036,NonCon,001,i,
"images/Neutral/7,1.png","images/Emotion/6,2.png",3,14,734,14,,,2018_Jan_16_1203,60.0376747036,NonCon,001,i,
"images/Neutral/6,1.png","images/Emotion/5,2.png",3,15,735,15,,,2018_Jan_16_1203,60.0376747036,NonCon,001,i,
"images/Neutral/2,1.png","images/Emotion/1,1.png",3,16,736,16,,,2018_Jan_16_1203,60.0376747036,NonCon,001,i,
"images/Neutral/8,1.png","images/Emotion/7,1.png",3,17,737,17,,,2018_Jan_16_1203,60.0376747036,NonCon,001,i,
"images/Neutral/7,1.png","images/Emotion/6,1.png",3,18,738,18,,,2018_Jan_16_1203,60.0376747036,NonCon,001,i,
"images/Neutral/3,1.png","images/Emotion/2,1.png",3,19,739,19,,,2018_Jan_16_1203,60.0376747036,NonCon,001,i,
"images/Neutral/1,1.png","images/Emotion/4,1.png",3,20,740,20,,,2018_Jan_16_1203,60.0376747036,NonCon,001,i,
"images/Neutral/6,1.png","images/Emotion/5,1.png",3,21,741,21,,,2018_Jan_16_1203,60.0376747036,NonCon,001,i,
"images/Neutral/5,1.png","images/Emotion/8,1.png",3,22,742,22,,,2018_Jan_16_1203,60.0376747036,NonCon,001,i,
"images/Neutral/4,1.png","images/Emotion/3,1.png",3,23,743,23,,,2018_Jan_16_1203,60.0376747036,NonCon,001,i,
"images/Neutral/7,1.png","images/Emotion/6,3.png",3,24,744,24,,,2018_Jan_16_1203,60.0376747036,NonCon,001,i,
"images/Neutral/5,1.png","images/Emotion/8,3.png",3,25,745,25,,,2018_Jan_16_1203,60.0376747036,NonCon,001,i,
"images/Neutral/8,1.png","images/Emotion/7,3.png",3,26,746,26,,,2018_Jan_16_1203,60.0376747036,NonCon,001,i,
"images/Neutral/6,1.png","images/Emotion/5,3.png",3,27,747,27,,,2018_Jan_16_1203,60.0376747036,NonCon,001,i,
